ID_SAEB;ID_SERIE;TP_DISCIPLINA;NU_BLOCO;NU_POSICAO;ID_ITEM;NU_DESCRITOR_HABILIDADE;TX_GABARITO;TP_ITEM;TP_ITEM_MODELO;A;B;C;B1;B2;B3
2023;2;LP;1;1;131475;H4;D;Resposta Objetiva;M3PL;2.643899811;-1.246496135;0.173010758;;;
2023;2;LP;1;1;135800;H3.1;A/B;Resposta Construída;MRG;2.359277706;;;-1.494441093;-1.046531267;-0.297927011
2023;2;LP;1;1;143333;H10;A/B;Produção Textual;MRG;2.518184451;;;-0.801163199;0.091258191;1.345140645
2023;2;LP;1;2;117433;H2.2;C;Resposta Objetiva;M3PL;2.16877881;-1.87423677;0.130002234;;;
2023;2;LP;1;3;132263;H7;D;Resposta Objetiva;M3PL;3.053304503;-0.203897228;0.21469998;;;
2023;2;LP;1;4;133034;H9;A;Resposta Objetiva;M3PL;1.449955847;-0.671752536;0.191736017;;;
2023;2;LP;1;5;117324;H5;D;Resposta Objetiva;M3PL;2.096955152;-0.741969171;0.209752884;;;
2023;2;LP;1;6;132405;H6;B;Resposta Objetiva;M3PL;2.458948714;0.277706628;0.320031639;;;
2023;2;LP;1;7;132042;H5;A;Resposta Objetiva;M3PL;1.579025893;-0.255898651;0.236938344;;;
2023;2;LP;1;8;117538;H8.1;C;Resposta Objetiva;M3PL;1.671794134;0.93781765;0.189418635;;;
2023;2;LP;2;1;131794;H1.2;D;Resposta Objetiva;M3PL;2.705608558;-0.778587625;0.177058878;;;
2023;2;LP;2;1;143322;H3.2;A/B;Resposta Construída;MRG;2.890744975;;;-1.554620937;-1.18936147;-0.646250341
2023;2;LP;2;2;117535;H2.1;D;Resposta Objetiva;M3PL;2.19373669;-1.595744612;0.064481608;;;
2023;2;LP;2;3;132356;H5;C;Resposta Objetiva;M3PL;3.225540548;-0.085294915;0.269123145;;;
2023;2;LP;2;4;133714;H7;C;Resposta Objetiva;M3PL;1.379963018;0.333296408;0.201681974;;;
2023;2;LP;2;5;117493;H5;D;Resposta Objetiva;M3PL;1.595787299;-0.440750767;0.197273841;;;
2023;2;LP;2;6;132597;H7;C;Resposta Objetiva;M3PL;1.584919824;-0.166505776;0.183260527;;;
2023;2;LP;2;7;133043;H9;A;Resposta Objetiva;M3PL;1.517825351;1.048636607;0.258978262;;;
2023;2;LP;2;8;117421;H6;B;Resposta Objetiva;M3PL;1.952456917;-0.269935294;0.356737978;;;
2023;2;LP;3;1;132720_ALT;H1.1;A;Resposta Objetiva;M3PL;1.734239325;-2.230327339;0.200555113;;;
2023;2;LP;3;1;135781;H3.1;A/B;Resposta Construída;MRG;2.492783399;;;-1.496645762;-1.130330045;-0.4856906
2023;2;LP;3;2;117401;H4;D;Resposta Objetiva;M3PL;3.910280727;-0.676267562;0.319001;;;
2023;2;LP;3;3;132910;H2.2;C;Resposta Objetiva;M3PL;2.242015805;-1.445334378;0.139113406;;;
2023;2;LP;3;4;133042;H9;B;Resposta Objetiva;M3PL;1.255982875;0.954240234;0.255221097;;;
2023;2;LP;3;5;117492;H6;C;Resposta Objetiva;M3PL;1.24584683;0.798838723;0.239973413;;;
2023;2;LP;3;6;132358_ALT;H5;D;Resposta Objetiva;M3PL;2.934673203;-0.190961975;0.238636355;;;
2023;2;LP;3;7;133671;H7;B;Resposta Objetiva;M3PL;2.739632717;0.713555202;0.311601117;;;
2023;2;LP;3;8;117533;H5;C;Resposta Objetiva;M3PL;2.479291688;-0.210474487;0.188303729;;;
2023;2;LP;4;1;133685;H4;D;Resposta Objetiva;M3PL;2.927061509;-1.276859401;0.175147406;;;
2023;2;LP;4;1;135680;H3.2;A/B;Resposta Construída;MRG;2.587391439;;;-1.237561366;-0.22028197;
2023;2;LP;4;2;117473;H2.2;C;Resposta Objetiva;M3PL;3.057079507;-1.366925;0.167469336;;;
2023;2;LP;4;3;132423_ALT;H6;B;Resposta Objetiva;M3PL;3.072692222;-0.233274343;0.35958811;;;
2023;2;LP;4;4;133365;H8.1;C;Resposta Objetiva;M3PL;2.300193872;0.292986184;0.241358312;;;
2023;2;LP;4;5;117475;H9;D;Resposta Objetiva;M3PL;1.876199289;-0.433932492;0.125737749;;;
2023;2;LP;4;6;132421_ALT;H6;A;Resposta Objetiva;M3PL;3.359985944;-0.317971711;0.288342835;;;
2023;2;LP;4;7;131782_ALT;H7;A;Resposta Objetiva;M3PL;1.637396904;-0.198538562;0.238360677;;;
2023;2;LP;4;8;117341;H5;D;Resposta Objetiva;M3PL;3.717031386;-0.368448942;0.280577272;;;
2023;2;LP;5;1;133031_ALT;H4;A;Resposta Objetiva;M3PL;3.237177482;-0.993493686;0.359531136;;;
2023;2;LP;5;1;135682;H3.2;A/B;Resposta Construída;MRG;2.626709338;;;-1.578721109;-1.14931015;-0.118784781
2023;2;LP;5;2;117439;H2.1;C;Resposta Objetiva;M3PL;1.732460084;-1.696996252;0.087466114;;;
2023;2;LP;5;3;133033;H5;C;Resposta Objetiva;M3PL;1.242405079;-0.579528692;0.141649128;;;
2023;2;LP;5;4;131791_ALT;H6;B;Resposta Objetiva;M3PL;2.553468856;-0.113279864;0.366760082;;;
2023;2;LP;5;5;117479;H4;C;Resposta Objetiva;M3PL;2.343227048;-1.14038273;0.146623809;;;
2023;2;LP;5;6;132556_ALT;H8.1;B;Resposta Objetiva;M3PL;1.415367073;0.777373576;0.31528269;;;
2023;2;LP;5;7;133452_ALT;H7;A;Resposta Objetiva;M3PL;2.375000949;-0.029161368;0.290902085;;;
2023;2;LP;5;8;117427;H9;D;Resposta Objetiva;M3PL;1.110315091;0.304806081;0.114219677;;;
2023;2;LP;6;1;131797;H4;D;Resposta Objetiva;M3PL;1.498525473;-0.944591275;0.133735352;;;
2023;2;LP;6;1;135660;H3.2;A/B;Resposta Construída;MRG;2.19862485;;;-1.557532169;-1.240798075;0.699876702
2023;2;LP;6;2;117430;H7;C;Resposta Objetiva;M3PL;1.581502981;0.340706715;0.171805935;;;
2023;2;LP;6;3;132165;H8.1;A;Resposta Objetiva;M3PL;0.818978444;0.86590815;0.199999525;;;
2023;2;LP;6;4;133704;H5;C;Resposta Objetiva;M3PL;3.267120227;-0.312404261;0.27997125;;;
2023;2;LP;6;5;117325;H1.1;B;Resposta Objetiva;M3PL;1.610559272;-1.951380813;0.205742731;;;
2023;2;LP;6;6;133160;H6;A;Resposta Objetiva;M3PL;1.765658075;-0.233113891;0.304462699;;;
2023;2;LP;6;7;133147;H7;D;Resposta Objetiva;M3PL;1.956500708;0.009399978;0.190132437;;;
2023;2;LP;6;8;117326;H1.2;C;Resposta Objetiva;M3PL;2.227184169;-0.819200883;0.164606696;;;
2023;2;LP;7;1;133556;H2.1;D;Resposta Objetiva;M3PL;2.321428591;-1.465819341;0.138255497;;;
2023;2;LP;7;1;135783;H3.2;A/B;Resposta Construída;MRG;2.808794735;;;-1.364420572;-1.03105643;-0.050414999
2023;2;LP;7;2;117512;H7;D;Resposta Objetiva;M3PL;1.330591886;0.864363106;0.202908587;;;
2023;2;LP;7;3;131813;H5;A;Resposta Objetiva;M3PL;1.471619434;-0.482503296;0.190645292;;;
2023;2;LP;7;4;131774;H6;C;Resposta Objetiva;M3PL;1.277704507;0.715199057;0.195735229;;;
2023;2;LP;7;5;117413;H8.2;D;Resposta Objetiva;M3PL;1.253415347;0.21779493;0.178890212;;;
2023;2;LP;7;6;133394;H8.1;B;Resposta Objetiva;M3PL;1.305548287;0.291992395;0.258838906;;;
2023;2;LP;7;7;132324;H6;D;Resposta Objetiva;M3PL;2.998409326;0.003137485;0.238972459;;;
2023;2;LP;7;8;117494;H1.1;C;Resposta Objetiva;M3PL;1.825693149;-1.719955693;0.091643559;;;
2023;2;MT;1;1;134943;2E1.3;A/B;Resposta Construída;MRG;1.287130895;;;-2.610748457;-1.481851323;
2023;2;MT;1;1;142017;2M1.1;C;Resposta Objetiva;M3PL;0.536275655;-3.444726412;0.195704898;;;
2023;2;MT;1;2;133630;2M1.4;B;Resposta Objetiva;M3PL;1.20893011;-1.463696356;0.178192654;;;
2023;2;MT;1;3;117196;2G1.2;A;Resposta Objetiva;M3PL;0.932431347;-2.047964941;0.220531891;;;
2023;2;MT;1;4;133368;2M2.3;B;Resposta Objetiva;M3PL;1.861011326;0.22186137;0.252808366;;;
2023;2;MT;1;5;142048;2N2.1;A;Resposta Objetiva;M3PL;1.675296572;0.156007544;0.222128464;;;
2023;2;MT;1;6;117162;2A1.4;C;Resposta Objetiva;M3PL;1.826469237;0.023391152;0.261729898;;;
2023;2;MT;1;7;142030;2N1.8;D;Resposta Objetiva;M3PL;2.020476649;0.263327743;0.200485007;;;
2023;2;MT;1;8;133192;2N1.2;B;Resposta Objetiva;M3PL;0.925857142;-0.519225103;0.196881176;;;
2023;2;MT;1;9;117222;2N1.4;B;Resposta Objetiva;M3PL;1.260175762;-1.3178911;0.085601284;;;
2023;2;MT;2;1;134922;2E2.1;A/B;Resposta Construída;MRG;1.653445233;;;-0.844110889;-0.136902246;
2023;2;MT;2;1;142099;2G1.2;A;Resposta Objetiva;M3PL;1.340894437;-0.396358824;0.229029192;;;
2023;2;MT;2;2;142007;2N1.3;A;Resposta Objetiva;M3PL;1.435611971;-0.828667955;0.234579791;;;
2023;2;MT;2;3;117152;2G1.3;D;Resposta Objetiva;M3PL;1.036719474;-1.023748595;0.122790467;;;
2023;2;MT;2;4;142074;2M1.6;C;Resposta Objetiva;M3PL;1.780598086;-0.55189251;0.149156055;;;
2023;2;MT;2;5;142066;2E1.3;D;Resposta Objetiva;M3PL;1.381744152;0.084479901;0.172652044;;;
2023;2;MT;2;6;119577;2M1.3;C;Resposta Objetiva;M3PL;1.509760376;-2.622695908;0.117266107;;;
2023;2;MT;2;7;133606;2N2.2;D;Resposta Objetiva;M3PL;1.673874928;0.196636549;0.187601024;;;
2023;2;MT;2;8;132245;2N1.6;A;Resposta Objetiva;M3PL;2.227274445;1.012595772;0.261016697;;;
2023;2;MT;2;9;115398;2A1.1;C;Resposta Objetiva;M3PL;1.437254953;0.032433837;0.211415943;;;
2023;2;MT;3;1;133609;2N2.3;D;Resposta Objetiva;M3PL;1.804371625;0.939564564;0.16469078;;;
2023;2;MT;3;1;143182;2N2.1;A/B;Resposta Construída;MRG;1.73134226;;;-0.348325199;0.378367709;
2023;2;MT;3;2;142039;2N1.8;D;Resposta Objetiva;M3PL;1.498354369;-0.380401921;0.209202722;;;
2023;2;MT;3;3;119465;2G1.1;D;Resposta Objetiva;M3PL;0.904200231;-0.673384522;0.35287506;;;
2023;2;MT;3;4;131328;2E1.1;B;Resposta Objetiva;M3PL;1.14365058;1.011425003;0.182986243;;;
2023;2;MT;3;5;142047;2M2.1;D;Resposta Objetiva;M3PL;1.297037652;0.007534008;0.202910147;;;
2023;2;MT;3;6;114074;2A1.2;D;Resposta Objetiva;M3PL;1.14681201;0.221587417;0.088833429;;;
2023;2;MT;3;7;142069;2E1.3;C;Resposta Objetiva;M3PL;1.247015904;-1.963850561;0.171390163;;;
2023;2;MT;3;8;143213;2N1.6;A;Resposta Objetiva;M3PL;1.895744196;0.369457033;0.296224706;;;
2023;2;MT;3;9;115396;2M1.4;C;Resposta Objetiva;M3PL;1.145057266;-0.675842477;0.214678856;;;
2023;2;MT;4;1;135051;2N1.3;A/B;Resposta Construída;MRG;1.533038224;;;-1.031019975;-0.537800962;
2023;2;MT;4;1;142086;2N1.7;B;Resposta Objetiva;M3PL;2.042735779;1.889954369;0.191764114;;;
2023;2;MT;4;2;142200;2M2.2;A;Resposta Objetiva;M3PL;1.841526539;0.589878506;0.119012541;;;
2023;2;MT;4;3;117160;2M1.6;D;Resposta Objetiva;M3PL;1.62406764;-0.778141601;0.168830962;;;
2023;2;MT;4;4;142096;2G1.3;B;Resposta Objetiva;M3PL;1.356906531;-1.614734452;0.1743531;;;
2023;2;MT;4;5;142098;2G1.2;D;Resposta Objetiva;M3PL;1.399233836;-1.675685579;0.15531513;;;
2023;2;MT;4;6;115919;2N1.2;C;Resposta Objetiva;M3PL;1.258379872;-1.61014972;0.060902797;;;
2023;2;MT;4;7;143900;2M1.2;C;Resposta Objetiva;M3PL;1.107221753;1.651542117;0.138549192;;;
2023;2;MT;4;8;133248;2E1.1;C;Resposta Objetiva;M3PL;0.631406882;-1.288049019;0.179410859;;;
2023;2;MT;4;9;114076;2A1.3;A;Resposta Objetiva;M3PL;2.571411137;0.7928374;0.34017581;;;
2023;2;MT;5;1;134940;2N2.2;A/B;Resposta Construída;MRG;1.494255975;;;0.106179582;0.476117595;
2023;2;MT;5;1;142097;2G1.3;C;Resposta Objetiva;M3PL;1.229948044;-0.730059574;0.160382539;;;
2023;2;MT;5;2;142064;2E1.2;B;Resposta Objetiva;M3PL;1.547861648;-1.577523491;0.164881603;;;
2023;2;MT;5;3;117166;2M1.1;B;Resposta Objetiva;M3PL;1.03289531;-1.651217588;0.193595889;;;
2023;2;MT;5;4;142083;2N1.7;B;Resposta Objetiva;M3PL;1.498827382;-0.375826389;0.249759519;;;
2023;2;MT;5;5;133157;2M2.3;D;Resposta Objetiva;M3PL;1.768298845;-0.658758107;0.153792711;;;
2023;2;MT;5;6;117163;2N2.1;C;Resposta Objetiva;M3PL;1.355398441;-0.983127016;0.174549721;;;
2023;2;MT;5;7;142054;2M1.3;A;Resposta Objetiva;M3PL;0.72520861;-1.003070398;0.233504231;;;
2023;2;MT;5;8;133022;2A1.3;B;Resposta Objetiva;M3PL;1.495901342;1.049413358;0.261576785;;;
2023;2;MT;5;9;116168;2E1.1;A;Resposta Objetiva;M3PL;1.130848125;-0.179212484;0.308307099;;;
2023;2;MT;6;1;142067;2E1.3;A;Resposta Objetiva;M3PL;1.399579019;-1.415819769;0.192280467;;;
2023;2;MT;6;1;143181;2N2.1;A/B;Resposta Construída;MRG;1.641927035;;;-0.78734388;-0.351171615;
2023;2;MT;6;2;142025;2N1.5;B;Resposta Objetiva;M3PL;1.416497017;0.020578434;0.220434778;;;
2023;2;MT;6;3;117110;2M2.1;B;Resposta Objetiva;M3PL;2.123334199;0.370330419;0.301584976;;;
2023;2;MT;6;4;142020;2M1.7;D;Resposta Objetiva;M3PL;1.810220508;-0.855704596;0.16480425;;;
2023;2;MT;6;5;133633;2M1.5;A;Resposta Objetiva;M3PL;0.882334153;-0.923928605;0.181339107;;;
2023;2;MT;6;6;117126;2E1.2;C;Resposta Objetiva;M3PL;1.286901583;-1.780576474;0.095809736;;;
2023;2;MT;6;7;142000;2N1.3;C;Resposta Objetiva;M3PL;1.849259987;-0.317066125;0.291055549;;;
2023;2;MT;6;8;133860;2A1.1;B;Resposta Objetiva;M3PL;2.081911461;0.841534967;0.338522134;;;
2023;2;MT;6;9;114773;2G1.1;A;Resposta Objetiva;M3PL;1.156291318;0.427935358;0.329782616;;;
2023;2;MT;7;1;142088;2N1.7;D;Resposta Objetiva;M3PL;1.262744249;0.424699347;0.200560814;;;
2023;2;MT;7;1;142178;2G2.1;A/B;Resposta Construída;MRG;0.561436071;;;-2.402389584;0.002955217;
2023;2;MT;7;2;132369;2A1.4;A;Resposta Objetiva;M3PL;;;;;;
2023;2;MT;7;3;114843;2M2.2;C;Resposta Objetiva;M3PL;1.964881911;0.630741971;0.145550419;;;
2023;2;MT;7;4;132653;2N2.2;D;Resposta Objetiva;M3PL;2.305851093;0.392953866;0.138996001;;;
2023;2;MT;7;5;132966;2M1.5;D;Resposta Objetiva;M3PL;1.414086433;-0.97251099;0.14794784;;;
2023;2;MT;7;6;117257;2E1.3;C;Resposta Objetiva;M3PL;1.399418322;-0.623700053;0.140252323;;;
2023;2;MT;7;7;133413;2G1.1;B;Resposta Objetiva;M3PL;1.297161385;-1.822728602;0.184155049;;;
2023;2;MT;7;8;143901;2N1.1;B;Resposta Objetiva;M3PL;0.562374045;-1.172471875;0.184504959;;;
2023;2;MT;7;9;117173;2N1.8;A;Resposta Objetiva;M3PL;1.94174968;-0.184183262;0.241081584;;;
2023;3;LP;1;1;110072;D1;A;Resposta Objetiva;M3P;1.41671;1.17117;0.31678;;;
2023;3;LP;1;2;110080;D2;E;Resposta Objetiva;M3P;1.3412;-0.30445;0.14651;;;
2023;3;LP;1;3;34309;D5;D;Resposta Objetiva;M3P;0.51277;0.662;0.19538;;;
2023;3;LP;1;4;110214;D11;C;Resposta Objetiva;M3P;1.07495;-0.65094;0.18577;;;
2023;3;LP;1;5;110413;D3;D;Resposta Objetiva;M3P;0.79183;0.45028;0.16492;;;
2023;3;LP;1;6;109587;D14;C;Resposta Objetiva;M3P;1.52951;0.74126;0.16864;;;
2023;3;LP;1;7;109141;D15;C;Resposta Objetiva;M3P;1.2464;0.93808;0.18301;;;
2023;3;LP;1;8;65731;D16;A;Resposta Objetiva;M3P;1.07112;0.17551;0.15641;;;
2023;3;LP;1;9;109919N;D11;C;Resposta Objetiva;M3P;1.27274;-0.89125;0.04169;;;
2023;3;LP;1;10;110636;D9;E;Resposta Objetiva;M3P;0.94714;0.76756;0.1121;;;
2023;3;LP;1;11;110338;D13;C;Resposta Objetiva;M3P;0.9071;1.67375;0.16462;;;
2023;3;LP;1;12;109593;D15;B;Resposta Objetiva;M3P;0.5585;1.02563;0.13875;;;
2023;3;LP;1;13;110132;D10;C;Resposta Objetiva;M3P;0.50209;2.97568;0.16556;;;
2023;3;LP;2;1;110199;D2;E;Resposta Objetiva;M3P;0.96205;0.74523;0.14443;;;
2023;3;LP;2;2;110772;D6;E;Resposta Objetiva;M3P;0.6608;0.30714;0.08056;;;
2023;3;LP;2;3;110434;D8;A;Resposta Objetiva;M3P;1.05347;1.04461;0.11994;;;
2023;3;LP;2;4;110873;D4;E;Resposta Objetiva;M3P;0.81381;1.7644;0.08899;;;
2023;3;LP;2;5;110834N;D7;C;Resposta Objetiva;M3P;0.5126;-0.07811;0.02014;;;
2023;3;LP;2;6;110841;D18;A;Resposta Objetiva;M3P;0.92746;1.20684;0.16906;;;
2023;3;LP;2;7;109619;D9;D;Resposta Objetiva;M3P;0.56077;2.0464;0.17165;;;
2023;3;LP;2;8;110067;D10;C;Resposta Objetiva;M3P;0.74922;0.47253;0.21471;;;
2023;3;LP;2;9;111112;D13;B;Resposta Objetiva;M3P;1.0489;0.46306;0.1634;;;
2023;3;LP;2;10;111192;D10;X;Resposta Objetiva;M3P;;;;;;
2023;3;LP;2;11;110519;D14;C;Resposta Objetiva;M3P;0.92968;0.72105;0.13826;;;
2023;3;LP;2;12;111117;D19;B;Resposta Objetiva;M3P;0.84149;0.71043;0.11835;;;
2023;3;LP;2;13;110405;D5;B;Resposta Objetiva;M3P;0.82794;-0.80117;0.16522;;;
2023;3;LP;3;1;110460;D3;B;Resposta Objetiva;M3P;0.85515;0.49572;0.20296;;;
2023;3;LP;3;2;109501;D7;D;Resposta Objetiva;M3P;1.36954;0.32235;0.14251;;;
2023;3;LP;3;3;110761;D9;B;Resposta Objetiva;M3P;1.14159;1.06305;0.20666;;;
2023;3;LP;3;4;110414;D9;E;Resposta Objetiva;M3P;0.85681;0.16849;0.13725;;;
2023;3;LP;3;5;110502N;D2;D;Resposta Objetiva;M3P;1.25;-0.28642;0.05256;;;
2023;3;LP;3;6;110427;D5;B;Resposta Objetiva;M3P;0.92766;0.34274;0.27777;;;
2023;3;LP;3;7;65594;D2;D;Resposta Objetiva;M3P;0.70762;0.24866;0.17526;;;
2023;3;LP;3;8;110458;D4;C;Resposta Objetiva;M3P;0.71119;0.04328;0.12165;;;
2023;3;LP;3;9;109245;D3;B;Resposta Objetiva;M3P;1.47394;0.40653;0.26706;;;
2023;3;LP;3;10;33926N;D13;C;Resposta Objetiva;M3P;1.13046;1.31185;0.21846;;;
2023;3;LP;3;11;110932;D10;A;Resposta Objetiva;M3P;0.45274;3.00308;0.20307;;;
2023;3;LP;3;12;110698;D18;B;Resposta Objetiva;M3P;0.55488;0.16048;0.15229;;;
2023;3;LP;3;13;110037;D17;C;Resposta Objetiva;M3P;0.46522;1.09402;0.15829;;;
2023;3;LP;4;1;110746;D1;B;Resposta Objetiva;M3P;0.79411;0.2058;0.12993;;;
2023;3;LP;4;2;109735;D15;A;Resposta Objetiva;M3P;1.23423;-0.05202;0.16453;;;
2023;3;LP;4;3;110824;D7;B;Resposta Objetiva;M3P;0.46405;1.89754;0.17269;;;
2023;3;LP;4;4;109819;D16;E;Resposta Objetiva;M3P;1.07384;-0.53793;0.1227;;;
2023;3;LP;4;5;110555;D8;D;Resposta Objetiva;M3P;1.22649;0.17291;0.12565;;;
2023;3;LP;4;6;109966;D1;E;Resposta Objetiva;M3P;1.18926;0.09656;0.09913;;;
2023;3;LP;4;7;109422;D11;C;Resposta Objetiva;M3P;0.57568;-0.32586;0.16548;;;
2023;3;LP;4;8;109579;D12;A;Resposta Objetiva;M3P;1.13296;-0.16874;0.21194;;;
2023;3;LP;4;9;111017;D19;D;Resposta Objetiva;M3P;1.07293;0.4482;0.17283;;;
2023;3;LP;4;10;110071;D2;C;Resposta Objetiva;M3P;0.72759;0.47487;0.19018;;;
2023;3;LP;4;11;109616;D12;A;Resposta Objetiva;M3P;0.58674;-0.7527;0.00392;;;
2023;3;LP;4;12;109638;D10;E;Resposta Objetiva;M3P;0.78043;0.64773;0.10302;;;
2023;3;LP;4;13;109640;D19;D;Resposta Objetiva;M3P;0.69843;0.84117;0.10371;;;
2023;3;LP;5;1;109203;D3;E;Resposta Objetiva;M3P;1.02975;-0.54042;0.13085;;;
2023;3;LP;5;2;110656;D7;A;Resposta Objetiva;M3P;0.65034;0.22581;0.16644;;;
2023;3;LP;5;3;110704;D11;B;Resposta Objetiva;M3P;0.45439;2.41126;0.22004;;;
2023;3;LP;5;4;110579;D13;C;Resposta Objetiva;M3P;0.77806;0.67172;0.16045;;;
2023;3;LP;5;5;111085;D19;A;Resposta Objetiva;M3P;0.69422;0.57139;0.14018;;;
2023;3;LP;5;6;109717;D12;C;Resposta Objetiva;M3P;1.04065;1.39016;0.21719;;;
2023;3;LP;5;7;70075N;D18;D;Resposta Objetiva;M3P;1.01906;-0.50997;0.1933;;;
2023;3;LP;5;8;34412;D7;B;Resposta Objetiva;M3P;0.52349;0.76495;0.23089;;;
2023;3;LP;5;9;34726;D6;C;Resposta Objetiva;M3P;0.9287;0.9258;0.19773;;;
2023;3;LP;5;10;110635;D17;D;Resposta Objetiva;M3P;0.56604;0.50353;0.12786;;;
2023;3;LP;5;11;33925;D14;E;Resposta Objetiva;M3P;0.96897;1.39725;0.13705;;;
2023;3;LP;5;12;109232;D15;C;Resposta Objetiva;M3P;1.1835;-0.21089;0.25928;;;
2023;3;LP;5;13;109200N;D16;A;Resposta Objetiva;M3P;1.38388;0.62325;0.14619;;;
2023;3;LP;6;1;110373;D4;E;Resposta Objetiva;M3P;1.53325;-0.02515;0.09172;;;
2023;3;LP;6;2;109502;D6;B;Resposta Objetiva;M3P;0.66078;1.64582;0.1593;;;
2023;3;LP;6;3;110518;D8;E;Resposta Objetiva;M3P;0.88033;0.89556;0.11492;;;
2023;3;LP;6;4;109592;D10;B;Resposta Objetiva;M3P;0.61307;0.33385;0.19463;;;
2023;3;LP;6;5;111004N;D21;C;Resposta Objetiva;M3P;1.34543;0.92189;0.14159;;;
2023;3;LP;6;6;109258;D15;C;Resposta Objetiva;M3P;0.97952;2.3047;0.12274;;;
2023;3;LP;6;7;111333;D15;D;Resposta Objetiva;M3P;0.90108;0.28629;0.10015;;;
2023;3;LP;6;8;65760;D5;B;Resposta Objetiva;M3P;1.14955;-1.00369;0.18157;;;
2023;3;LP;6;9;19980;D8;D;Resposta Objetiva;M3P;0.76344;0.11315;0.09039;;;
2023;3;LP;6;10;109251;D12;B;Resposta Objetiva;M3P;0.75693;-0.12815;0.05683;;;
2023;3;LP;6;11;110819;D17;E;Resposta Objetiva;M3P;0.57911;-0.16102;0.16671;;;
2023;3;LP;6;12;110592;D13;X;Resposta Objetiva;M3P;;;;;;
2023;3;LP;6;13;34313;D18;A;Resposta Objetiva;M3P;0.7629;1.47979;0.30743;;;
2023;3;LP;7;1;111300;D3;C;Resposta Objetiva;M3P;0.9166;-0.31806;0.20145;;;
2023;3;LP;7;2;110425;D5;D;Resposta Objetiva;M3P;0.53416;-0.64249;0.19653;;;
2023;3;LP;7;3;110501;D6;A;Resposta Objetiva;M3P;0.64581;0.82295;0.17856;;;
2023;3;LP;7;4;110809;D6;A;Resposta Objetiva;M3P;0.68914;-0.38627;0.16474;;;
2023;3;LP;7;5;110455;D17;A;Resposta Objetiva;M3P;1.23702;-1.01875;0.14832;;;
2023;3;LP;7;6;110886;D18;B;Resposta Objetiva;M3P;0.62117;-0.16283;0.1525;;;
2023;3;LP;7;7;109520N;D14;B;Resposta Objetiva;M3P;0.77451;0.64931;0.12584;;;
2023;3;LP;7;8;110070;D1;D;Resposta Objetiva;M3P;0.84821;0.38706;0.1139;;;
2023;3;LP;7;9;34150;D14;B;Resposta Objetiva;M3P;0.60578;2.35137;0.23564;;;
2023;3;LP;7;10;110966N;D9;A;Resposta Objetiva;M3P;0.55129;1.52269;0.14477;;;
2023;3;LP;7;11;109479;D14;E;Resposta Objetiva;M3P;0.94421;0.6528;0.08793;;;
2023;3;LP;7;12;109613;D15;C;Resposta Objetiva;M3P;0.56592;0.78441;0.11434;;;
2023;3;LP;7;13;109620;D19;D;Resposta Objetiva;M3P;0.58226;0.26524;0.10668;;;
2023;3;MT;1;1;65920N;D15;C;Resposta Objetiva;M3P;1.76615;0.99331;0.23968;;;
2023;3;MT;1;2;65739;D16;E;Resposta Objetiva;M3P;2.0289;1.69505;0.08448;;;
2023;3;MT;1;3;110891;D1;C;Resposta Objetiva;M3P;0.74597;1.00046;0.14729;;;
2023;3;MT;1;4;110955;D27;D;Resposta Objetiva;M3P;0.96056;2.0959;0.27066;;;
2023;3;MT;1;5;110822;D19;B;Resposta Objetiva;M3P;2.68532;0.73705;0.14484;;;
2023;3;MT;1;6;47129;D11;D;Resposta Objetiva;M3P;1.03686;1.0611;0.14021;;;
2023;3;MT;1;7;140243;9N1.1;D;Resposta Objetiva;M3P;1.16578;1.11324;0.16256;;;
2023;3;MT;1;8;22405;D17;B;Resposta Objetiva;M3P;2.17376;0.58131;0.17079;;;
2023;3;MT;1;9;110532;D6;A;Resposta Objetiva;M3P;1.04868;0.32378;0.16449;;;
2023;3;MT;1;10;110756;D8;A;Resposta Objetiva;M3P;1.5602;2.18409;0.18947;;;
2023;3;MT;1;11;110054;D7;A;Resposta Objetiva;M3P;1.54735;2.36633;0.13714;;;
2023;3;MT;1;12;110711;D21;E;Resposta Objetiva;M3P;1.19254;2.52385;0.195;;;
2023;3;MT;1;13;110875N;D34;B;Resposta Objetiva;M3P;1.41643;1.21175;0.14811;;;
2023;3;MT;2;1;70381;D14;A;Resposta Objetiva;M3P;1.9093;1.0172;0.32916;;;
2023;3;MT;2;2;70336;D7;B;Resposta Objetiva;M3P;0.75663;2.78887;0.1771;;;
2023;3;MT;2;3;109554N;D35;D;Resposta Objetiva;M3P;1.19042;-1.02205;0.00513;;;
2023;3;MT;2;4;110758;D29;E;Resposta Objetiva;M3P;2.46711;0.9043;0.14063;;;
2023;3;MT;2;5;65843;D18;B;Resposta Objetiva;M3P;1.36033;0.89052;0.17129;;;
2023;3;MT;2;6;110929;D9;D;Resposta Objetiva;M3P;1.31267;1.3336;0.16274;;;
2023;3;MT;2;7;110212;D26;B;Resposta Objetiva;M3P;1.73932;1.34901;0.17701;;;
2023;3;MT;2;8;22358N;D16;C;Resposta Objetiva;M3P;1.44601;-0.42006;0.03627;;;
2023;3;MT;2;9;34894;D2;C;Resposta Objetiva;M3P;0.85418;0.37868;0.22713;;;
2023;3;MT;2;10;111295;D15;B;Resposta Objetiva;M3P;1.8146;2.01474;0.13137;;;
2023;3;MT;2;11;111033;D20;E;Resposta Objetiva;M3P;0.94887;1.34279;0.39531;;;
2023;3;MT;2;12;110356;D13;D;Resposta Objetiva;M3P;2.1292;1.92885;0.13832;;;
2023;3;MT;2;13;70524;D6;A;Resposta Objetiva;M3P;0.85381;1.41433;0.09497;;;
2023;3;MT;3;1;111087;D9;A;Resposta Objetiva;M3P;2.22531;1.58943;0.13398;;;
2023;3;MT;3;2;69049;D29;E;Resposta Objetiva;M3P;1.31302;2.54137;0.09484;;;
2023;3;MT;3;3;111319N;D34;B;Resposta Objetiva;M3P;2.02062;1.26948;0.15259;;;
2023;3;MT;3;4;110750;D26;D;Resposta Objetiva;M3P;0.75581;1.96341;0.16029;;;
2023;3;MT;3;5;111209N;D17;C;Resposta Objetiva;M3P;0.88535;0.81668;0.31608;;;
2023;3;MT;3;6;102835;D8;A;Resposta Objetiva;M3P;2.64256;1.92949;0.1719;;;
2023;3;MT;3;7;139228;9A2.2;C;Resposta Objetiva;M3P;1.89163;0.68129;0.26771;;;
2023;3;MT;3;8;109889;D12;B;Resposta Objetiva;M3P;1.24825;1.55093;0.22431;;;
2023;3;MT;3;9;109718;D6;D;Resposta Objetiva;M3P;1.58165;0.58375;0.11977;;;
2023;3;MT;3;10;111132;D11;B;Resposta Objetiva;M3P;1.19746;1.9267;0.18218;;;
2023;3;MT;3;11;111214;D19;A;Resposta Objetiva;M3P;1.72582;1.62119;0.13723;;;
2023;3;MT;3;12;110558;D12;E;Resposta Objetiva;M3P;1.95435;1.95307;0.03274;;;
2023;3;MT;3;13;111212;D5;D;Resposta Objetiva;M3P;1.77503;1.87577;0.14631;;;
2023;3;MT;4;1;111002;D12;C;Resposta Objetiva;M3P;1.99981;2.05459;0.27728;;;
2023;3;MT;4;2;109888;D5;D;Resposta Objetiva;M3P;1.86207;1.89919;0.27307;;;
2023;3;MT;4;3;110040;D33;B;Resposta Objetiva;M3P;4.2275;1.7446;0.1329;;;
2023;3;MT;4;4;110612;D16;A;Resposta Objetiva;M3P;0.74625;1.09251;0.17954;;;
2023;3;MT;4;5;110554;D25;D;Resposta Objetiva;M3P;0.73383;2.4444;0.26985;;;
2023;3;MT;4;6;110378;D7;E;Resposta Objetiva;M3P;0.94621;2.01439;0.10537;;;
2023;3;MT;4;7;28734;D23;A;Resposta Objetiva;M3P;1.60188;0.10312;0.1133;;;
2023;3;MT;4;8;28647N;D14;D;Resposta Objetiva;M3P;2.16739;1.03592;0.07478;;;
2023;3;MT;4;9;70366;D9;B;Resposta Objetiva;M3P;1.06062;0.57426;0.20821;;;
2023;3;MT;4;10;111356;D34;E;Resposta Objetiva;M3P;1.0775;0.90771;0.10778;;;
2023;3;MT;4;11;109482;D17;B;Resposta Objetiva;M3P;;;;;;
2023;3;MT;4;12;67521;D11;C;Resposta Objetiva;M3P;2.10642;1.32588;0.11727;;;
2023;3;MT;4;13;111254;D4;A;Resposta Objetiva;M3P;1.19166;2.11828;0.24039;;;
2023;3;MT;5;1;109861;D4;D;Resposta Objetiva;M3P;1.46815;1.43525;0.14787;;;
2023;3;MT;5;2;111348;D2;C;Resposta Objetiva;M3P;1.77607;1.43401;0.14035;;;
2023;3;MT;5;3;109852;D35;D;Resposta Objetiva;M3P;0.96047;-0.49761;0.17585;;;
2023;3;MT;5;4;111020;D24;E;Resposta Objetiva;M3P;2.36607;1.52833;0.11107;;;
2023;3;MT;5;5;109864;D13;C;Resposta Objetiva;M3P;2.43326;1.94625;0.1949;;;
2023;3;MT;5;6;112332;D6;A;Resposta Objetiva;M3P;1.17114;0.01963;0.15224;;;
2023;3;MT;5;7;139580;9N1.7;A;Resposta Objetiva;M3P;0.70699;1.74;0.24771;;;
2023;3;MT;5;8;65805;D13;B;Resposta Objetiva;M3P;1.2527;1.19819;0.21525;;;
2023;3;MT;5;9;109492;D3;A;Resposta Objetiva;M3P;1.39007;1.13924;0.38841;;;
2023;3;MT;5;10;110652;D22;C;Resposta Objetiva;M3P;0.71079;0.86846;0.11849;;;
2023;3;MT;5;11;110709;D16;D;Resposta Objetiva;M3P;1.61583;0.98979;0.12765;;;
2023;3;MT;5;12;110757;D8;A;Resposta Objetiva;M3P;2.13878;1.61523;0.12048;;;
2023;3;MT;5;13;109514;D1;B;Resposta Objetiva;M3P;1.37724;1.58763;0.15179;;;
2023;3;MT;6;1;110939;D27;X;Resposta Objetiva;M3P;;;;;;
2023;3;MT;6;2;111347N;D31;C;Resposta Objetiva;M3P;1.35218;1.64959;0.23589;;;
2023;3;MT;6;3;110785N;D3;C;Resposta Objetiva;M3P;0.67048;-0.5516;0.0035;;;
2023;3;MT;6;4;111355;D34;E;Resposta Objetiva;M3P;1.0172;-0.51093;0.14113;;;
2023;3;MT;6;5;102842;D12;A;Resposta Objetiva;M3P;0.79044;1.54202;0.22278;;;
2023;3;MT;6;6;102866;D8;E;Resposta Objetiva;M3P;1.38253;1.86405;0.20843;;;
2023;3;MT;6;7;28581N;D15;D;Resposta Objetiva;M3P;1.69505;1.24272;0.07822;;;
2023;3;MT;6;8;111374;D8;C;Resposta Objetiva;M3P;1.53973;1.87921;0.15595;;;
2023;3;MT;6;9;70460;D19;B;Resposta Objetiva;M3P;1.31685;0.28044;0.16181;;;
2023;3;MT;6;10;110961;D23;E;Resposta Objetiva;M3P;2.36718;1.64411;0.07698;;;
2023;3;MT;6;11;111008;D28;A;Resposta Objetiva;M3P;1.39663;2.34848;0.18416;;;
2023;3;MT;6;12;111375N;D5;E;Resposta Objetiva;M3P;2.39569;1.8936;0.07353;;;
2023;3;MT;6;13;111241;D2;B;Resposta Objetiva;M3P;1.11841;1.66685;0.21762;;;
2023;3;MT;7;1;69114;D13;E;Resposta Objetiva;M3P;0.82368;2.15656;0.21457;;;
2023;3;MT;7;2;112433N;D4;D;Resposta Objetiva;M3P;1.19339;0.5384;0.09074;;;
2023;3;MT;7;3;109247N;D32;B;Resposta Objetiva;M3P;1.0556;2.06317;0.1899;;;
2023;3;MT;7;4;111039;D15;B;Resposta Objetiva;M3P;0.84933;2.09747;0.19888;;;
2023;3;MT;7;5;102909;D21;E;Resposta Objetiva;M3P;1.00488;0.00759;0.13032;;;
2023;3;MT;7;6;111377;D35;C;Resposta Objetiva;M3P;0.995;-0.58465;0.19461;;;
2023;3;MT;7;7;140104;9A2.1;D;Resposta Objetiva;M3P;1.67945;0.84022;0.22441;;;
2023;3;MT;7;8;65310;D18;B;Resposta Objetiva;M3P;1.796;1.10124;0.26499;;;
2023;3;MT;7;9;111068;D1;C;Resposta Objetiva;M3P;1.03618;0.89772;0.29032;;;
2023;3;MT;7;10;110452;D24;C;Resposta Objetiva;M3P;3.03039;1.82695;0.09506;;;
2023;3;MT;7;11;111350;D18;A;Resposta Objetiva;M3P;3.09964;1.75849;0.09264;;;
2023;3;MT;7;12;110883;D9;D;Resposta Objetiva;M3P;1.87242;1.84725;0.19778;;;
2023;3;MT;7;13;109857;D3;A;Resposta Objetiva;M3P;0.76689;-0.67591;0.14228;;;
2023;5;CH;1;1;127096;1.0/A1;C;Resposta Objetiva;M3PL;2.057843256;-1.511867391;0.15789144;;;
2023;5;CH;1;1;136400;1.0/C1;A/B;Resposta Construída;MRG;0.824717716;;;0.369205869;;
2023;5;CH;1;2;128780;6.0/B6;B;Resposta Objetiva;M3PL;1.866741115;-0.075595561;0.203730212;;;
2023;5;CH;1;3;128223;1.0/C1;D;Resposta Objetiva;M3PL;1.649227491;1.15698991;0.172827264;;;
2023;5;CH;1;4;127298;6.0/C6;A;Resposta Objetiva;M3PL;1.672860177;0.561535729;0.199311492;;;
2023;5;CH;1;5;127113;3.0/B3;D;Resposta Objetiva;M3PL;1.939510878;-0.346541994;0.1492962;;;
2023;5;CH;1;6;127174;4.0/A4;B;Resposta Objetiva;M3PL;1.841037242;0.301409984;0.182360053;;;
2023;5;CH;1;7;127463;1.0/B1;D;Resposta Objetiva;M3PL;1.871786206;0.559191906;0.202060424;;;
2023;5;CH;1;8;127362;6.0/B6;C;Resposta Objetiva;M3PL;1.267768268;-0.352433831;0.139856876;;;
2023;5;CH;1;9;128198;2.0/C2;A;Resposta Objetiva;M3PL;1.812985927;-0.56291266;0.210648478;;;
2023;5;CH;1;10;127896;3.0/C3;B;Resposta Objetiva;M3PL;1.874232058;-0.201980668;0.169629592;;;
2023;5;CH;1;11;127465;3.0/B3;C;Resposta Objetiva;M3PL;1.140327123;0.159864391;0.179628709;;;
2023;5;CH;1;12;127908;6.0/B6;A;Resposta Objetiva;M3PL;2.259994867;-0.677677302;0.150680558;;;
2023;5;CH;2;1;127355;2.0/A2;C;Resposta Objetiva;M3PL;2.17454395;-0.92822372;0.174205279;;;
2023;5;CH;2;1;136492;1.0/C1;A/B;Resposta Construída;MRG;1.51112086;;;-0.382586288;0.294335655;
2023;5;CH;2;2;127573;6.0/A6;A;Resposta Objetiva;M3PL;0.961591739;0.943812409;0.241175936;;;
2023;5;CH;2;3;127082;2.0/C2;B;Resposta Objetiva;M3PL;0.511595271;-0.102607079;0.164267822;;;
2023;5;CH;2;4;127640;6.0/C6;B;Resposta Objetiva;M3PL;2.161011511;1.71691965;0.41970986;;;
2023;5;CH;2;5;127547;1.0/B1;B;Resposta Objetiva;M3PL;0.884725088;0.919446471;0.181258192;;;
2023;5;CH;2;6;127636;1.0/A1;D;Resposta Objetiva;M3PL;1.417762266;0.763488946;0.158222554;;;
2023;5;CH;2;7;127285;6.0/A6;C;Resposta Objetiva;M3PL;2.426555278;-0.848171758;0.175257463;;;
2023;5;CH;2;8;127283;6.0/B6;C;Resposta Objetiva;M3PL;1.819307961;1.201833977;0.205012761;;;
2023;5;CH;2;9;127208;1.0/B1;D;Resposta Objetiva;M3PL;1.23229776;0.054213;0.136846558;;;
2023;5;CH;2;10;127237;1.0/B1;A;Resposta Objetiva;M3PL;2.38311177;0.077221355;0.231789758;;;
2023;5;CH;2;11;127160;6.0/C6;A;Resposta Objetiva;M3PL;1.970697448;0.57604318;0.27404975;;;
2023;5;CH;2;12;127414;1.0/A1;D;Resposta Objetiva;M3PL;1.377566448;-1.066134523;0.163065839;;;
2023;5;CH;3;1;127536;3.0/A3;B;Resposta Objetiva;M3PL;2.095246547;-1.098161671;0.176373724;;;
2023;5;CH;3;1;136502;2.0/C2;A/B;Resposta Construída;MRG;1.359016636;;;0.040437115;0.790606202;
2023;5;CH;3;2;127628;4.0/A4;A;Resposta Objetiva;M3PL;1.090391997;1.136627742;0.288367722;;;
2023;5;CH;3;3;128592;6.0/B6;D;Resposta Objetiva;M3PL;0.834064268;-0.129654182;0.131106162;;;
2023;5;CH;3;4;128378;3.0/B3;C;Resposta Objetiva;M3PL;1.330508556;-0.146315418;0.190885484;;;
2023;5;CH;3;5;127374;6.0/A6;A;Resposta Objetiva;M3PL;1.260292954;-0.546255793;0.161758943;;;
2023;5;CH;3;6;128131;3.0/B3;C;Resposta Objetiva;M3PL;1.515831497;1.472355021;0.196408927;;;
2023;5;CH;3;7;127479;5.0/A5;D;Resposta Objetiva;M3PL;1.402085231;0.188509731;0.144239016;;;
2023;5;CH;3;8;127181;3.0/A3;C;Resposta Objetiva;M3PL;1.609422243;0.018979999;0.183081935;;;
2023;5;CH;3;9;128693;1.0/B1;B;Resposta Objetiva;M3PL;1.852969038;0.337741482;0.232045132;;;
2023;5;CH;3;10;128025;6.0/B6;B;Resposta Objetiva;M3PL;0.930913095;-0.033672438;0.152431195;;;
2023;5;CH;3;11;127289;6.0/B6;A;Resposta Objetiva;M3PL;2.362893362;0.510564263;0.200314696;;;
2023;5;CH;3;12;127155;6.0/A6;D;Resposta Objetiva;M3PL;1.579633849;-1.114422692;0.150544749;;;
2023;5;CH;4;1;127054;3.0/A3;A;Resposta Objetiva;M3PL;1.824437646;-1.578719699;0.196637422;;;
2023;5;CH;4;1;136486;3.0/C3;A/B;Resposta Construída;MRG;1.250770707;;;0.514228218;;
2023;5;CH;4;2;127091;2.0/B2;D;Resposta Objetiva;M3PL;1.28680103;-0.8946542;0.124696624;;;
2023;5;CH;4;3;127090;6.0/A6;B;Resposta Objetiva;M3PL;1.39382766;0.265642602;0.175980112;;;
2023;5;CH;4;4;127210;3.0/B3;B;Resposta Objetiva;M3PL;1.611964409;0.097217603;0.214177273;;;
2023;5;CH;4;5;127152;6.0/B6;D;Resposta Objetiva;M3PL;1.811480731;-0.226048822;0.162201226;;;
2023;5;CH;4;6;126652;1.0/C1;C;Resposta Objetiva;M3PL;0.924512153;1.791277629;0.165403158;;;
2023;5;CH;4;7;127126;1.0/B1;B;Resposta Objetiva;M3PL;1.646193905;0.118057459;0.205022285;;;
2023;5;CH;4;8;127185;5.0/B5;A;Resposta Objetiva;M3PL;1.778326457;-0.152021112;0.248155541;;;
2023;5;CH;4;9;126839;5.0/A5;A;Resposta Objetiva;M3PL;0.753735571;-0.699863016;0.189675217;;;
2023;5;CH;4;10;127607;3.0/B3;C;Resposta Objetiva;M3PL;2.291057558;0.355915953;0.215810555;;;
2023;5;CH;4;11;127993;4.0/C4;D;Resposta Objetiva;M3PL;2.67135762;0.122843417;0.202310514;;;
2023;5;CH;4;12;126812;6.0/A6;C;Resposta Objetiva;M3PL;1.430338118;-1.530556897;0.180643036;;;
2023;5;CH;5;1;127692;2.0/B2;A;Resposta Objetiva;M3PL;1.032915103;-1.19587827;0.186969761;;;
2023;5;CH;5;1;136563;3.0/C3;A/B;Resposta Construída;MRG;0.967953875;;;1.110743138;;
2023;5;CH;5;2;127223;2.0/C2;B;Resposta Objetiva;M3PL;1.255846267;1.419001656;0.227395438;;;
2023;5;CH;5;3;127127;6.0/A6;B;Resposta Objetiva;M3PL;1.295279957;0.342465718;0.261480676;;;
2023;5;CH;5;4;127372;1.0/B1;A;Resposta Objetiva;M3PL;1.069959682;0.756656718;0.206382783;;;
2023;5;CH;5;5;127171;2.0/B2;D;Resposta Objetiva;M3PL;1.13383019;-0.018998702;0.147582435;;;
2023;5;CH;5;6;127151;6.0/A6;B;Resposta Objetiva;M3PL;2.082636575;-0.145486469;0.249786634;;;
2023;5;CH;5;7;128583;3.0/C3;C;Resposta Objetiva;M3PL;1.62409283;0.753491264;0.237801159;;;
2023;5;CH;5;8;127224;4.0/B4;C;Resposta Objetiva;M3PL;1.690928966;0.245073339;0.182291069;;;
2023;5;CH;5;9;128627;1.0/B1;D;Resposta Objetiva;M3PL;1.709248355;0.87920164;0.239553592;;;
2023;5;CH;5;10;128407;1.0/B1;D;Resposta Objetiva;M3PL;1.900412992;0.008922044;0.184120276;;;
2023;5;CH;5;11;127195;5.0/B5;C;Resposta Objetiva;M3PL;1.174524007;-0.385329448;0.145227839;;;
2023;5;CH;5;12;127142;4.0/B4;A;Resposta Objetiva;M3PL;2.279507534;-1.007854366;0.161420185;;;
2023;5;CH;6;1;127105;2.0/A2;C;Resposta Objetiva;M3PL;1.8143426;-1.337758697;0.145648377;;;
2023;5;CH;6;1;136580;4.0/C4;A/B;Resposta Construída;MRG;1.52094254;;;0.217950174;1.091637146;
2023;5;CH;6;2;127221;6.0/B6;B;Resposta Objetiva;M3PL;2.062375467;1.448427755;0.227427729;;;
2023;5;CH;6;3;128720;5.0/C5;D;Resposta Objetiva;M3PL;0.66474813;1.369314413;0.155373992;;;
2023;5;CH;6;4;127130;1.0/C1;A;Resposta Objetiva;M3PL;1.725491918;-1.016748447;0.156375919;;;
2023;5;CH;6;5;126958;2.0/A2;D;Resposta Objetiva;M3PL;0.656592296;-0.049751086;0.166350364;;;
2023;5;CH;6;6;127820;6.0/B6;A;Resposta Objetiva;M3PL;1.085463958;-0.615504765;0.151198828;;;
2023;5;CH;6;7;127377;3.0/B3;B;Resposta Objetiva;M3PL;0.875970348;0.918215538;0.183081231;;;
2023;5;CH;6;8;128524;3.0/C3;B;Resposta Objetiva;M3PL;1.675138802;0.97344806;0.23701478;;;
2023;5;CH;6;9;128573;1.0/B1;A;Resposta Objetiva;M3PL;1.137832961;-0.187504283;0.139626833;;;
2023;5;CH;6;10;127125;6.0/A6;D;Resposta Objetiva;M3PL;1.601088927;0.683693138;0.14886269;;;
2023;5;CH;6;11;127493;4.0/B4;C;Resposta Objetiva;M3PL;1.673128465;-0.317237138;0.172987895;;;
2023;5;CH;6;12;128483;2.0/B2;C;Resposta Objetiva;M3PL;2.270978342;-1.048482119;0.142579211;;;
2023;5;CH;7;1;127654;1.0/A1;D;Resposta Objetiva;M3PL;2.023727795;-1.467953175;0.166275054;;;
2023;5;CH;7;1;136520;5.0/C5;A/B;Resposta Construída;MRG;1.440184479;;;0.315664626;1.297505584;
2023;5;CH;7;2;129084;4.0/A4;B;Resposta Objetiva;M3PL;1.03005256;-0.91520931;0.155826345;;;
2023;5;CH;7;3;127982;3.0/A3;D;Resposta Objetiva;M3PL;1.586384819;0.71580536;0.210447789;;;
2023;5;CH;7;4;127490;3.0/A3;B;Resposta Objetiva;M3PL;1.055715835;-0.64960669;0.14960108;;;
2023;5;CH;7;5;127897;5.0/C5;A;Resposta Objetiva;M3PL;1.231079753;-0.528704411;0.163664815;;;
2023;5;CH;7;6;127225;6.0/B6;A;Resposta Objetiva;M3PL;0.971352319;0.785133867;0.205147579;;;
2023;5;CH;7;7;127376;4.0/C4;C;Resposta Objetiva;M3PL;2.517228865;1.960241042;0.13432312;;;
2023;5;CH;7;8;127088;2.0/B2;D;Resposta Objetiva;M3PL;2.103817301;1.48195905;0.197409062;;;
2023;5;CH;7;9;127103;3.0/A3;C;Resposta Objetiva;M3PL;2.120354718;0.750702695;0.216535627;;;
2023;5;CH;7;10;128049;3.0/A3;C;Resposta Objetiva;M3PL;1.941526307;-0.397234893;0.177145983;;;
2023;5;CH;7;11;127906;6.0/C6;B;Resposta Objetiva;M3PL;0.98098189;0.575290708;0.134125881;;;
2023;5;CH;7;12;127176;1.0/B1;A;Resposta Objetiva;M3PL;1.259450099;-0.833823237;0.149803588;;;
2023;5;CH;8;1;129154;2.0/B2;A;Resposta Objetiva;M3PL;2.327111586;-0.958494047;0.208010871;;;
2023;5;CH;8;1;136323;6.0/C6;A/B;Resposta Construída;MRG;1.410620944;;;0.766264023;;
2023;5;CH;8;2;127878;2.0/C2;B;Resposta Objetiva;M3PL;1.494791041;-0.660373974;0.145736817;;;
2023;5;CH;8;3;128638;2.0/B2;C;Resposta Objetiva;M3PL;0.764091061;0.567305773;0.171879886;;;
2023;5;CH;8;4;127179;5.0/A5;D;Resposta Objetiva;M3PL;1.612901127;-0.343595862;0.183258498;;;
2023;5;CH;8;5;128179;6.0/B6;C;Resposta Objetiva;M3PL;2.007351084;-0.282455491;0.156061696;;;
2023;5;CH;8;6;129081;1.0/A1;A;Resposta Objetiva;M3PL;1.016994024;1.10722899;0.196540828;;;
2023;5;CH;8;7;127167;3.0/A3;D;Resposta Objetiva;M3PL;1.480166095;1.080818097;0.198479753;;;
2023;5;CH;8;8;128767;1.0/B1;C;Resposta Objetiva;M3PL;1.466378659;0.871544659;0.228073369;;;
2023;5;CH;8;9;129309;5.0/B5;B;Resposta Objetiva;M3PL;1.729877666;-0.573754684;0.165526562;;;
2023;5;CH;8;10;128691;1.0/B1;A;Resposta Objetiva;M3PL;0.788707098;0.073955272;0.146668253;;;
2023;5;CH;8;11;127544;3.0/B3;D;Resposta Objetiva;M3PL;1.919105764;-0.755886735;0.134584776;;;
2023;5;CH;8;12;127509;3.0/C3;B;Resposta Objetiva;M3PL;2.027957174;-0.033150969;0.181494036;;;
2023;5;CN;1;1;127207;A1;B;Resposta Objetiva;M3PL;1.055728846;-0.817704034;0.1194245;;;
2023;5;CN;1;1;136805;B1;A/B;Resposta Construída;MRG;0.608088587;;;-0.293260707;0.572512745;
2023;5;CN;1;2;128129;C1;C;Resposta Objetiva;M3PL;1.308545626;1.011421867;0.195758377;;;
2023;5;CN;1;3;127435;B1;A;Resposta Objetiva;M3PL;0.459332252;0.015543512;0.164955;;;
2023;5;CN;1;4;127711;B2;A;Resposta Objetiva;M3PL;0.776368103;-0.294775709;0.146780924;;;
2023;5;CN;1;5;127310;B3;C;Resposta Objetiva;M3PL;1.941957668;0.545374619;0.19570331;;;
2023;5;CN;1;6;128182;A3;B;Resposta Objetiva;M3PL;0.950221893;0.495865079;0.1986551;;;
2023;5;CN;1;7;128271;C2;B;Resposta Objetiva;M3PL;1.174294644;-0.08527653;0.143580845;;;
2023;5;CN;1;8;127540;B2;C;Resposta Objetiva;M3PL;1.189744433;0.516125043;0.158558481;;;
2023;5;CN;2;1;128207;A3;B;Resposta Objetiva;M3PL;1.294825393;-0.628323708;0.149768325;;;
2023;5;CN;2;1;136820;C1;A/B;Resposta Construída;MRG;1.018053658;;;0.01665986;0.575019794;
2023;5;CN;2;2;127614;A1;C;Resposta Objetiva;M3PL;1.618810544;-1.522656726;0.152874183;;;
2023;5;CN;2;3;127271;B2;A;Resposta Objetiva;M3PL;1.583532875;1.695666089;0.168645412;;;
2023;5;CN;2;4;127350;B1;C;Resposta Objetiva;M3PL;1.323960967;0.441471651;0.134896134;;;
2023;5;CN;2;5;127268;A2;D;Resposta Objetiva;M3PL;0.798390509;0.291178696;0.123609771;;;
2023;5;CN;2;6;127365;B2;B;Resposta Objetiva;M3PL;2.054792722;-0.545435137;0.156575577;;;
2023;5;CN;2;7;127375;B3;C;Resposta Objetiva;M3PL;1.640647177;0.296221998;0.185930115;;;
2023;5;CN;2;8;127522;C2;B;Resposta Objetiva;M3PL;1.923326292;0.564257295;0.173161964;;;
2023;5;CN;3;1;128530;B3;B;Resposta Objetiva;M3PL;1.213207981;0.794862331;0.187281125;;;
2023;5;CN;3;1;136765;B2;A/B;Resposta Construída;MRG;1.392040847;;;-0.181034388;1.089049304;
2023;5;CN;3;2;127311;A1;A;Resposta Objetiva;M3PL;1.644174409;-0.29604596;0.154824115;;;
2023;5;CN;3;3;127953;A3;C;Resposta Objetiva;M3PL;;;;;;
2023;5;CN;3;4;128372;B2;D;Resposta Objetiva;M3PL;0.694195906;0.871890988;0.12554306;;;
2023;5;CN;3;5;127956;B2;A;Resposta Objetiva;M3PL;1.889379652;-0.047326049;0.19051921;;;
2023;5;CN;3;6;127977;A2;D;Resposta Objetiva;M3PL;1.059767614;1.25037106;0.126534882;;;
2023;5;CN;3;7;127833;A3;B;Resposta Objetiva;M3PL;1.600606031;-0.959489543;0.156040757;;;
2023;5;CN;3;8;127755;B1;A;Resposta Objetiva;M3PL;2.108972998;0.136994859;0.211670487;;;
2023;5;CN;4;1;128438;B3;D;Resposta Objetiva;M3PL;1.173760352;1.051509026;0.168043781;;;
2023;5;CN;4;2;127767;B2;A;Resposta Objetiva;M3PL;1.110214031;-0.546649223;0.145624662;;;
2023;5;CN;4;3;127535;A2;C;Resposta Objetiva;M3PL;1.708384861;0.628290476;0.138706523;;;
2023;5;CN;4;4;128123;C3;B;Resposta Objetiva;M3PL;1.879969427;-1.087595592;0.138761854;;;
2023;5;CN;4;5;127370;A1;A;Resposta Objetiva;M3PL;1.180940282;0.441048295;0.188711725;;;
2023;5;CN;4;6;127583;B1;D;Resposta Objetiva;M3PL;1.58608346;-0.356609194;0.108103854;;;
2023;5;CN;4;7;127774;C1;B;Resposta Objetiva;M3PL;1.798019666;-0.604101553;0.148635156;;;
2023;5;CN;4;8;128278;C2;C;Resposta Objetiva;M3PL;1.411382047;-1.13627407;0.119846977;;;
2023;5;CN;5;1;127469;A2;C;Resposta Objetiva;M3PL;1.181402822;-0.122002141;0.149172581;;;
2023;5;CN;5;2;127602;B3;C;Resposta Objetiva;M3PL;2.12075064;0.237805068;0.193999859;;;
2023;5;CN;5;3;127556;A2;A;Resposta Objetiva;M3PL;1.123201904;0.783165406;0.270719672;;;
2023;5;CN;5;4;127608;C1;D;Resposta Objetiva;M3PL;1.673436778;-0.737137029;0.137221103;;;
2023;5;CN;5;5;127815;A3;C;Resposta Objetiva;M3PL;0.994363182;1.421250128;0.139937265;;;
2023;5;CN;5;6;127205;A1;D;Resposta Objetiva;M3PL;1.33464947;0.207980121;0.157682117;;;
2023;5;CN;5;7;127667;B2;D;Resposta Objetiva;M3PL;1.761309776;0.064685906;0.154759252;;;
2023;5;CN;5;8;127964;C2;A;Resposta Objetiva;M3PL;;;;;;
2023;5;CN;6;1;127406;A1;C;Resposta Objetiva;M3PL;1.744699193;0.443147474;0.195850725;;;
2023;5;CN;6;2;128111;C2;D;Resposta Objetiva;M3PL;1.997948678;-0.40162974;0.133246946;;;
2023;5;CN;6;3;127408;A2;A;Resposta Objetiva;M3PL;1.15172388;1.283616444;0.145909896;;;
2023;5;CN;6;4;128015;A3;C;Resposta Objetiva;M3PL;1.525104589;-0.044188469;0.201949967;;;
2023;5;CN;6;5;127899;B1;B;Resposta Objetiva;M3PL;1.044797777;-0.351486927;0.145164541;;;
2023;5;CN;6;6;127696;B2;B;Resposta Objetiva;M3PL;1.013951243;0.329812476;0.180639086;;;
2023;5;CN;6;7;127321;B1;D;Resposta Objetiva;M3PL;0.969215612;-1.198316681;0.138199745;;;
2023;5;CN;6;8;127433;B3;A;Resposta Objetiva;M3PL;1.634505653;-0.308219947;0.162685424;;;
2023;5;CN;7;1;127261;A1;A;Resposta Objetiva;M3PL;1.717144222;-0.299093563;0.183242064;;;
2023;5;CN;7;2;127487;B1;C;Resposta Objetiva;M3PL;1.714374727;0.478449425;0.146729526;;;
2023;5;CN;7;3;127415;C1;A;Resposta Objetiva;M3PL;0.631285993;0.024502841;0.161414433;;;
2023;5;CN;7;4;127281;A2;B;Resposta Objetiva;M3PL;1.219792727;-0.083255928;0.137523646;;;
2023;5;CN;7;5;127228;B2;C;Resposta Objetiva;M3PL;0.616708627;1.498410328;0.15317968;;;
2023;5;CN;7;6;127307;B3;C;Resposta Objetiva;M3PL;;;;;;
2023;5;CN;7;7;127657;A2;D;Resposta Objetiva;M3PL;1.839121003;-0.593035808;0.13468291;;;
2023;5;CN;7;8;127957;A3;D;Resposta Objetiva;M3PL;1.243012847;1.293334724;0.221743985;;;
2023;5;CN;8;1;128405;A1;C;Resposta Objetiva;M3PL;0.929342568;-1.552017242;0.179725959;;;
2023;5;CN;8;2;127990;C2;C;Resposta Objetiva;M3PL;2.032542506;0.664038504;0.199075045;;;
2023;5;CN;8;3;128541;C3;D;Resposta Objetiva;M3PL;1.402366666;-0.021913786;0.14417448;;;
2023;5;CN;8;4;127238;B1;B;Resposta Objetiva;M3PL;1.138011144;1.006711344;0.157924418;;;
2023;5;CN;8;5;127693;B2;C;Resposta Objetiva;M3PL;1.921724756;-0.29989683;0.148311696;;;
2023;5;CN;8;6;127467;A3;D;Resposta Objetiva;M3PL;0.958697847;-0.425914682;0.130198897;;;
2023;5;CN;8;7;127582;A1;B;Resposta Objetiva;M3PL;1.414117384;-1.459222969;0.127429144;;;
2023;5;CN;8;8;127304;A2;A;Resposta Objetiva;M3PL;1.058826381;-1.634656841;0.151762475;;;
2023;5;CN;9;1;127345;C3;C;Resposta Objetiva;M3PL;1.803006456;-1.154475245;0.12699547;;;
2023;5;CN;9;2;128109;C1;B;Resposta Objetiva;M3PL;1.348987975;-0.268712966;0.155035033;;;
2023;5;CN;9;3;128307;B3;A;Resposta Objetiva;M3PL;0.964265553;1.011220684;0.20878222;;;
2023;5;CN;9;4;128258;C2;B;Resposta Objetiva;M3PL;1.730858054;0.54538627;0.227751496;;;
2023;5;CN;9;5;127647;B2;D;Resposta Objetiva;M3PL;2.009629189;-0.623563108;0.146080648;;;
2023;5;CN;9;6;127754;B1;C;Resposta Objetiva;M3PL;1.195816186;-0.046226695;0.13753859;;;
2023;5;CN;9;7;127523;A1;C;Resposta Objetiva;M3PL;1.155343936;-0.979332774;0.131425473;;;
2023;5;CN;9;8;127494;A2;A;Resposta Objetiva;M3PL;1.121312368;0.970571098;0.260171966;;;
2023;5;LP;1;1;95928;D1;D;Resposta Objetiva;M3P;1.4521;-1.91729;0.11785;;;
2023;5;LP;1;2;68305;D3;D;Resposta Objetiva;M3P;1.00364;-0.62241;0.13648;;;
2023;5;LP;1;3;95038;D2;B;Resposta Objetiva;M3P;1.30825;-0.72354;0.2992;;;
2023;5;LP;1;4;46160;D4;C;Resposta Objetiva;M3P;1.22374;-2.07353;0.05713;;;
2023;5;LP;1;5;34696;D10;D;Resposta Objetiva;M3P;0.76335;-0.49917;0.11944;;;
2023;5;LP;1;6;95391;D12;C;Resposta Objetiva;M3P;1.05942;-1.60162;0.11827;;;
2023;5;LP;1;7;95977;D5;A;Resposta Objetiva;M3P;0.59023;-1.69024;0.17755;;;
2023;5;LP;1;8;95044;D9;A;Resposta Objetiva;M3P;1.27341;1.13865;0.28411;;;
2023;5;LP;1;9;95497;D12;A;Resposta Objetiva;M3P;0.70404;-0.56955;0.16717;;;
2023;5;LP;1;10;145705;H8;C;Resposta Objetiva;M3P;0.86613;-1.79649;0.05069;;;
2023;5;LP;1;11;95403;D11;B;Resposta Objetiva;M3P;1.68237;-0.25396;0.27367;;;
2023;5;LP;2;1;96100;D1;D;Resposta Objetiva;M3P;1.4261;-1.54766;0.16875;;;
2023;5;LP;2;2;96134;D5;D;Resposta Objetiva;M3P;0.69607;-0.82076;0.18776;;;
2023;5;LP;2;3;96159;D9;B;Resposta Objetiva;M3P;1.24247;-1.49947;0.24382;;;
2023;5;LP;2;4;34859;D2;B;Resposta Objetiva;M3P;1.27784;-0.6733;0.20912;;;
2023;5;LP;2;5;96097;D13;D;Resposta Objetiva;M3P;0.9936;-1.89636;0.00211;;;
2023;5;LP;2;6;95364;D4;B;Resposta Objetiva;M3P;1.21738;-1.4431;0.19311;;;
2023;5;LP;2;7;95357;D15;C;Resposta Objetiva;M3P;1.47211;-1.28482;0.27788;;;
2023;5;LP;2;8;95028N;D1;A;Resposta Objetiva;M3P;0.70698;-1.49008;0.10599;;;
2023;5;LP;2;9;145486;H13;A;Resposta Objetiva;M3P;1.35522;-0.97333;0.26858;;;
2023;5;LP;2;10;95036N;D10;C;Resposta Objetiva;M3P;1.50611;-0.36469;0.21619;;;
2023;5;LP;2;11;94984N;D12;A;Resposta Objetiva;M3P;1.14414;-1.12832;0.19176;;;
2023;5;LP;3;1;95062;D1;C;Resposta Objetiva;M3P;1.00829;-2.05405;0.11335;;;
2023;5;LP;3;2;95112;D2;B;Resposta Objetiva;M3P;1.05011;-0.16372;0.23247;;;
2023;5;LP;3;3;95501N;D12;A;Resposta Objetiva;M3P;1.39086;0.09124;0.25899;;;
2023;5;LP;3;4;96170;D4;D;Resposta Objetiva;M3P;1.23294;-1.53703;0.10529;;;
2023;5;LP;3;5;95145;D3;B;Resposta Objetiva;M3P;1.67584;-0.80624;0.24885;;;
2023;5;LP;3;6;20031;D9;A;Resposta Objetiva;M3P;1.50683;-1.22484;0.1825;;;
2023;5;LP;3;7;95150N;D7;D;Resposta Objetiva;M3P;0.60964;-0.11696;0.05541;;;
2023;5;LP;3;8;95997;D11;A;Resposta Objetiva;M3P;0.90733;-0.33153;0.25001;;;
2023;5;LP;3;9;145533;H2;D;Resposta Objetiva;M3P;0.98021;0.56587;0.17685;;;
2023;5;LP;3;10;96120;D5;C;Resposta Objetiva;M3P;0.921;-1.15027;0.21449;;;
2023;5;LP;3;11;95159;D8;B;Resposta Objetiva;M3P;1.00866;-1.36502;0.24175;;;
2023;5;LP;4;1;94999;D1;C;Resposta Objetiva;M3P;1.04475;-1.48031;0.11491;;;
2023;5;LP;4;2;95967;D9;A;Resposta Objetiva;M3P;0.5946;-0.78512;0.24697;;;
2023;5;LP;4;3;95347;D12;C;Resposta Objetiva;M3P;0.93521;0.0759;0.17497;;;
2023;5;LP;4;4;65913;D3;B;Resposta Objetiva;M3P;1.48388;-1.78452;0.15006;;;
2023;5;LP;4;5;34311;D14;D;Resposta Objetiva;M3P;0.9339;-1.27848;0.16642;;;
2023;5;LP;4;6;20208;D6;B;Resposta Objetiva;M3P;0.90242;-0.97747;0.22392;;;
2023;5;LP;4;7;95327;D15;A;Resposta Objetiva;M3P;0.62731;-0.94158;0.18401;;;
2023;5;LP;4;8;95587N;D7;A;Resposta Objetiva;M3P;0.88658;-0.84727;0.20106;;;
2023;5;LP;4;9;145548;H8;D;Resposta Objetiva;M3P;1.28656;-2.07913;0.02758;;;
2023;5;LP;4;10;96082;D13;D;Resposta Objetiva;M3P;1.2645;-0.73128;0.14503;;;
2023;5;LP;4;11;95395;D1;A;Resposta Objetiva;M3P;1.07213;-1.68031;0.20478;;;
2023;5;LP;5;1;95233;D1;C;Resposta Objetiva;M3P;1.52275;-1.82216;0.12428;;;
2023;5;LP;5;2;96102;D8;A;Resposta Objetiva;M3P;0.93371;-1.66713;0.12101;;;
2023;5;LP;5;3;96151;D6;B;Resposta Objetiva;M3P;0.68468;-1.0048;0.24698;;;
2023;5;LP;5;4;95000N;D2;D;Resposta Objetiva;M3P;0.919;-1.0238;0.10907;;;
2023;5;LP;5;5;95244;D15;D;Resposta Objetiva;M3P;0.93097;-1.94823;0.00265;;;
2023;5;LP;5;6;34481;D5;C;Resposta Objetiva;M3P;0.84592;-2.2847;0.18421;;;
2023;5;LP;5;7;45913;D10;B;Resposta Objetiva;M3P;0.8593;-1.47483;0.19048;;;
2023;5;LP;5;8;96171;D11;B;Resposta Objetiva;M3P;1.28866;-0.18783;0.18875;;;
2023;5;LP;5;9;95390;D12;A;Resposta Objetiva;M3P;0.65462;-0.47812;0.16216;;;
2023;5;LP;5;10;95104;D6;A;Resposta Objetiva;M3P;0.55062;-1.03462;0.20377;;;
2023;5;LP;5;11;19827;D9;C;Resposta Objetiva;M3P;1.18087;-0.85701;0.16206;;;
2023;5;LP;6;1;95045;D1;B;Resposta Objetiva;M3P;0.93889;-1.1693;0.118;;;
2023;5;LP;6;2;145417;H14;C;Resposta Objetiva;M3P;1.50611;0.03052;0.16506;;;
2023;5;LP;6;3;96157;D5;D;Resposta Objetiva;M3P;1.02683;-1.38227;0.13597;;;
2023;5;LP;6;4;95006;D8;A;Resposta Objetiva;M3P;1.72834;-2.13129;0.15461;;;
2023;5;LP;6;5;94883;D4;D;Resposta Objetiva;M3P;1.05055;-1.4494;0.2218;;;
2023;5;LP;6;6;96076;D13;B;Resposta Objetiva;M3P;1.62089;-1.22328;0.1788;;;
2023;5;LP;6;7;95300;D15;C;Resposta Objetiva;M3P;1.37652;-0.75395;0.20936;;;
2023;5;LP;6;8;95386;D9;A;Resposta Objetiva;M3P;0.73786;-1.30416;0.12988;;;
2023;5;LP;6;9;95149;D12;D;Resposta Objetiva;M3P;1.07132;-0.53944;0.19047;;;
2023;5;LP;6;10;94956;D11;D;Resposta Objetiva;M3P;0.82946;-0.74623;0.08971;;;
2023;5;LP;6;11;34271;D3;A;Resposta Objetiva;M3P;1.01634;-1.30517;0.20524;;;
2023;5;LP;7;1;95134;D2;B;Resposta Objetiva;M3P;1.52432;-1.00073;0.21019;;;
2023;5;LP;7;2;95106;D8;A;Resposta Objetiva;M3P;0.88681;-1.5855;0.1659;;;
2023;5;LP;7;3;96072;D13;C;Resposta Objetiva;M3P;0.99899;-0.0255;0.21834;;;
2023;5;LP;7;4;95015;D1;A;Resposta Objetiva;M3P;0.8874;-0.52851;0.20017;;;
2023;5;LP;7;5;95064;D6;D;Resposta Objetiva;M3P;1.74389;-1.63473;0.14891;;;
2023;5;LP;7;6;33988;D11;D;Resposta Objetiva;M3P;1.32732;-0.28964;0.14544;;;
2023;5;LP;7;7;94971;D14;A;Resposta Objetiva;M3P;0.69084;-1.53618;0.20017;;;
2023;5;LP;7;8;95912;D13;C;Resposta Objetiva;M3P;1.37238;-0.88378;0.22798;;;
2023;5;LP;7;9;95388N;D12;B;Resposta Objetiva;M3P;0.71815;-1.69941;0.012;;;
2023;5;LP;7;10;34025;D1;C;Resposta Objetiva;M3P;1.11703;-1.72794;0.25103;;;
2023;5;LP;7;11;46154;D10;A;Resposta Objetiva;M3P;1.0881;-0.73971;0.27199;;;
2023;5;MT;1;1;94982;D1;D;Resposta Objetiva;M3P;0.86944;-2.2164;0.19506;;;
2023;5;MT;1;2;95101;D9;B;Resposta Objetiva;M3P;1.34589;0.63668;0.18664;;;
2023;5;MT;1;3;95396;D19;B;Resposta Objetiva;M3P;1.3128;-0.58849;0.20563;;;
2023;5;MT;1;4;22328N;D16;A;Resposta Objetiva;M3P;1.30944;-0.87422;0.22062;;;
2023;5;MT;1;5;46058;D5;A;Resposta Objetiva;M3P;1.47402;0.32988;0.14807;;;
2023;5;MT;1;6;34779N;D15;C;Resposta Objetiva;M3P;1.91709;-0.46102;0.16014;;;
2023;5;MT;1;7;95373;D14;B;Resposta Objetiva;M3P;1.32358;-1.18917;0.12653;;;
2023;5;MT;1;8;95079;D8;C;Resposta Objetiva;M3P;1.71043;-0.39224;0.23174;;;
2023;5;MT;1;9;95448;D21;D;Resposta Objetiva;M3P;1.81552;-0.13182;0.13231;;;
2023;5;MT;1;10;144818;5E1.2;B;Resposta Objetiva;M3P;1.22427;-0.78421;0.12582;;;
2023;5;MT;1;11;145043;5N2.4;B;Resposta Objetiva;M3P;0.68373;-0.35497;0.10309;;;
2023;5;MT;2;1;95598N;D2;C;Resposta Objetiva;M3P;0.80642;-0.66556;0.11292;;;
2023;5;MT;2;2;95756;D11;B;Resposta Objetiva;M3P;1.41715;0.61194;0.19888;;;
2023;5;MT;2;3;95204;D20;C;Resposta Objetiva;M3P;0.60778;0.67938;0.18282;;;
2023;5;MT;2;4;94962;D18;D;Resposta Objetiva;M3P;1.10835;-0.87162;0.11773;;;
2023;5;MT;2;5;94983;D1;C;Resposta Objetiva;M3P;1.44009;-1.98124;0.14286;;;
2023;5;MT;2;6;95322;D17;A;Resposta Objetiva;M3P;1.55641;-1.0961;0.24794;;;
2023;5;MT;2;7;94972;D27;B;Resposta Objetiva;M3P;1.44686;-1.55993;0.18477;;;
2023;5;MT;2;8;94899;D9;A;Resposta Objetiva;M3P;1.65661;0.54849;0.21769;;;
2023;5;MT;2;9;95046;D22;B;Resposta Objetiva;M3P;1.47427;-1.39269;0.10352;;;
2023;5;MT;2;10;144828;5N2.7;B;Resposta Objetiva;M3P;1.72444;-0.08727;0.19334;;;
2023;5;MT;2;11;144360;5N1.8;D;Resposta Objetiva;M3P;1.11411;-0.03064;0.11402;;;
2023;5;MT;3;1;95202;D3;C;Resposta Objetiva;M3P;1.17616;0.19889;0.1383;;;
2023;5;MT;3;2;94966N;D16;D;Resposta Objetiva;M3P;1.54938;-0.53252;0.16308;;;
2023;5;MT;3;3;95719;D21;C;Resposta Objetiva;M3P;1.43664;0.78016;0.13591;;;
2023;5;MT;3;4;70405;D6;A;Resposta Objetiva;M3P;1.25811;-1.0831;0.12031;;;
2023;5;MT;3;5;46063;D19;A;Resposta Objetiva;M3P;1.40783;-0.85545;0.20604;;;
2023;5;MT;3;6;95220;D1;B;Resposta Objetiva;M3P;1.11655;-2.13675;0.01248;;;
2023;5;MT;3;7;95269;D28;A;Resposta Objetiva;M3P;1.08424;-2.08607;0.13391;;;
2023;5;MT;3;8;95562;D23;C;Resposta Objetiva;M3P;1.37464;-0.0666;0.15033;;;
2023;5;MT;3;9;95786;D12;C;Resposta Objetiva;M3P;1.27118;1.03546;0.19668;;;
2023;5;MT;3;10;144890;5N1.3;B;Resposta Objetiva;M3P;1.08222;-1.46916;0.21049;;;
2023;5;MT;3;11;144120;5N1.4;B;Resposta Objetiva;M3P;1.4232;-1.24187;0.20695;;;
2023;5;MT;4;1;95224;D6;C;Resposta Objetiva;M3P;1.43058;0.17235;0.17462;;;
2023;5;MT;4;2;95369N;D13;C;Resposta Objetiva;M3P;1.54319;-1.03828;0.21057;;;
2023;5;MT;4;3;95560;D28;A;Resposta Objetiva;M3P;0.5917;-1.64097;0.17241;;;
2023;5;MT;4;4;28463;D7;C;Resposta Objetiva;M3P;1.47993;-0.42951;0.30412;;;
2023;5;MT;4;5;95065;D17;B;Resposta Objetiva;M3P;0.88327;-2.10568;0.00407;;;
2023;5;MT;4;6;95073;D4;D;Resposta Objetiva;M3P;1.11105;-0.65021;0.31376;;;
2023;5;MT;4;7;95218;D1;C;Resposta Objetiva;M3P;0.54694;1.01783;0.20528;;;
2023;5;MT;4;8;95788;D14;B;Resposta Objetiva;M3P;1.36371;-1.93454;0.14012;;;
2023;5;MT;4;9;95699;D26;D;Resposta Objetiva;M3P;0.81868;0.5229;0.16134;;;
2023;5;MT;4;10;145012;5N1.3;B;Resposta Objetiva;M3P;1.21342;-0.42669;0.23936;;;
2023;5;MT;4;11;144700;5N1.5;B;Resposta Objetiva;M3P;0.46147;0.28678;0.16615;;;
2023;5;MT;5;1;95203N;D4;B;Resposta Objetiva;M3P;0.85197;0.90594;0.21491;;;
2023;5;MT;5;2;95519;D24;C;Resposta Objetiva;M3P;2.14167;0.24986;0.12063;;;
2023;5;MT;5;3;95052;D20;D;Resposta Objetiva;M3P;1.45262;0.18585;0.14283;;;
2023;5;MT;5;4;28122;D28;B;Resposta Objetiva;M3P;1.42723;-0.47622;0.22796;;;
2023;5;MT;5;5;95593;D22;D;Resposta Objetiva;M3P;1.3074;-0.12068;0.1102;;;
2023;5;MT;5;6;95277;D8;C;Resposta Objetiva;M3P;1.18878;-0.83867;0.19695;;;
2023;5;MT;5;7;94904;D2;A;Resposta Objetiva;M3P;0.70847;-1.85384;0.18949;;;
2023;5;MT;5;8;94895;D17;B;Resposta Objetiva;M3P;1.17708;-1.87186;0.14464;;;
2023;5;MT;5;9;95520;D25;A;Resposta Objetiva;M3P;1.16398;0.41018;0.25412;;;
2023;5;MT;5;10;145057;5M2.2;D;Resposta Objetiva;M3P;2.52384;0.28251;0.30424;;;
2023;5;MT;5;11;145014;5N2.3;A;Resposta Objetiva;M3P;1.63793;-0.63838;0.13897;;;
2023;5;MT;6;1;95789;D19;B;Resposta Objetiva;M3P;1.78665;-0.31201;0.23273;;;
2023;5;MT;6;2;95272;D23;A;Resposta Objetiva;M3P;1.75008;-0.72834;0.25433;;;
2023;5;MT;6;3;95720N;D26;C;Resposta Objetiva;M3P;1.96839;0.05203;0.17155;;;
2023;5;MT;6;4;95374;D14;B;Resposta Objetiva;M3P;1.349;-0.86312;0.17173;;;
2023;5;MT;6;5;37932;D10;A;Resposta Objetiva;M3P;1.54786;-0.84885;0.25491;;;
2023;5;MT;6;6;95097;D16;C;Resposta Objetiva;M3P;1.03096;-1.52911;0.10494;;;
2023;5;MT;6;7;95337;D27;C;Resposta Objetiva;M3P;1.23356;-1.77568;0.15189;;;
2023;5;MT;6;8;95026;D19;D;Resposta Objetiva;M3P;1.3539;-0.94712;0.11519;;;
2023;5;MT;6;9;95613;D22;B;Resposta Objetiva;M3P;1.33381;-0.47161;0.20164;;;
2023;5;MT;6;10;144992;5G1.8;A;Resposta Objetiva;M3P;1.10876;0.40622;0.23106;;;
2023;5;MT;6;11;144240;5G1.6;C;Resposta Objetiva;M3P;0.7897;0.13705;0.16214;;;
2023;5;MT;7;1;95731;D8;C;Resposta Objetiva;M3P;1.19647;-0.68938;0.17647;;;
2023;5;MT;7;2;95319N;D17;D;Resposta Objetiva;M3P;0.80065;-1.9636;0.00824;;;
2023;5;MT;7;3;95655;D25;D;Resposta Objetiva;M3P;1.38259;-0.34666;0.25124;;;
2023;5;MT;7;4;29540N;D24;A;Resposta Objetiva;M3P;0.79407;-1.48607;0.08665;;;
2023;5;MT;7;5;95024;D20;A;Resposta Objetiva;M3P;1.7692;-0.64468;0.12071;;;
2023;5;MT;7;6;28704;D18;A;Resposta Objetiva;M3P;0.95353;-0.05911;0.23801;;;
2023;5;MT;7;7;95077N;D7;C;Resposta Objetiva;M3P;1.44166;0.19233;0.24014;;;
2023;5;MT;7;8;94946;D16;C;Resposta Objetiva;M3P;1.08295;-0.31182;0.19431;;;
2023;5;MT;7;9;95274N;D27;C;Resposta Objetiva;M3P;0.84095;-1.99171;0.00139;;;
2023;5;MT;7;10;144488;5G1.4;B;Resposta Objetiva;M3P;0.87425;-0.13784;0.20782;;;
2023;5;MT;7;11;145232;5G1.1;B;Resposta Objetiva;M3P;1.39252;-1.98514;0.0439;;;
2023;9;CH;1;1;115326;C1;A/B;Resposta Construída;MRG;1.07073618;;;0.908264484;2.250922834;
2023;9;CH;1;1;127810;B4;A;Resposta Objetiva;M3PL;1.620505971;-1.663334877;0.180799839;;;
2023;9;CH;1;2;128780;6.0/B6;B;Resposta Objetiva;M3PL;1.572335975;-0.7235693;0.137942808;;;
2023;9;CH;1;3;50873;A3;D;Resposta Objetiva;M3PL;1.054909189;-0.86126229;0.073902506;;;
2023;9;CH;1;4;128146;B6;A;Resposta Objetiva;M3PL;0.958364403;1.143544585;0.158171808;;;
2023;9;CH;1;5;127113;3.0/B3;D;Resposta Objetiva;M3PL;1.626418992;-0.861536125;0.146516939;;;
2023;9;CH;1;6;65971;A5;B;Resposta Objetiva;M3PL;1.827924208;1.531536298;0.232507118;;;
2023;9;CH;1;7;129709;A1;C;Resposta Objetiva;M3PL;1.975743114;1.274326588;0.188037815;;;
2023;9;CH;1;8;127362;6.0/B6;C;Resposta Objetiva;M3PL;1.193502676;-1.009562581;0.197161911;;;
2023;9;CH;1;9;50885;A2;B;Resposta Objetiva;M3PL;1.079066375;-0.366167747;0.178069676;;;
2023;9;CH;1;10;129666;C6;A;Resposta Objetiva;M3PL;0.676799625;0.838354099;0.178889602;;;
2023;9;CH;1;11;127465;3.0/B3;C;Resposta Objetiva;M3PL;1.293390636;-0.398312656;0.226432405;;;
2023;9;CH;1;12;68958;B3;D;Resposta Objetiva;M3PL;1.752828659;0.224970553;0.153672456;;;
2023;9;CH;1;13;128021;A3;B;Resposta Objetiva;M3PL;1.218352856;-0.09815017;0.158058734;;;
2023;9;CH;1;14;127897;5.0/C5;A;Resposta Objetiva;M3PL;1.694477646;-0.596825976;0.193231362;;;
2023;9;CH;1;15;50997;A4;C;Resposta Objetiva;M3PL;2.056827292;-0.833069099;0.181178541;;;
2023;9;CH;2;1;129616;A4;A;Resposta Objetiva;M3PL;2.818697103;0.469058647;0.397549468;;;
2023;9;CH;2;1;136501;C2;A/B;Resposta Construída;MRG;1.32458929;;;2.254988014;;
2023;9;CH;2;2;127573;6.0/A6;A;Resposta Objetiva;M3PL;1.50502602;0.753930257;0.355834952;;;
2023;9;CH;2;3;50802;A1;C;Resposta Objetiva;M3PL;0.929423732;-0.810612956;0.101561137;;;
2023;9;CH;2;4;129658;B5;D;Resposta Objetiva;M3PL;2.184546267;0.738310065;0.181689213;;;
2023;9;CH;2;5;127547;1.0/B1;B;Resposta Objetiva;M3PL;0.583797207;0.469287777;0.152902429;;;
2023;9;CH;2;6;65324;B3;B;Resposta Objetiva;M3PL;1.89302577;2.004838027;0.216383028;;;
2023;9;CH;2;7;129237;B6;C;Resposta Objetiva;M3PL;1.587921126;0.226771862;0.184466288;;;
2023;9;CH;2;8;127283;6.0/B6;C;Resposta Objetiva;M3PL;1.361345655;0.58278129;0.192372843;;;
2023;9;CH;2;9;51453;B1;B;Resposta Objetiva;M3PL;1.454526291;0.270823389;0.331421116;;;
2023;9;CH;2;10;128604;B6;C;Resposta Objetiva;M3PL;1.584625666;1.45617523;0.182318229;;;
2023;9;CH;2;11;127160;6.0/C6;A;Resposta Objetiva;M3PL;2.648472108;-0.160000606;0.228080534;;;
2023;9;CH;2;12;51140;B6;B;Resposta Objetiva;M3PL;1.74320113;0.004643103;0.181302468;;;
2023;9;CH;2;13;128343;6.0/A6;A;Resposta Objetiva;M3PL;2.159450301;-0.182879142;0.318878528;;;
2023;9;CH;2;14;127088;2.0/B2;D;Resposta Objetiva;M3PL;1.333442686;0.228755793;0.138851628;;;
2023;9;CH;2;15;66972;A6;D;Resposta Objetiva;M3PL;2.04958434;-0.458907058;0.192581029;;;
2023;9;CH;3;1;129289;C5;A;Resposta Objetiva;M3PL;;;;;;
2023;9;CH;3;1;136469;C3;A/B;Resposta Construída;MRG;1.794730258;;;0.382846613;;
2023;9;CH;3;2;127628;4.0/A4;A;Resposta Objetiva;M3PL;1.802353715;0.375671908;0.292113772;;;
2023;9;CH;3;3;67354;B6;D;Resposta Objetiva;M3PL;1.052114679;-1.580532192;0.102230038;;;
2023;9;CH;3;4;127629;A2;D;Resposta Objetiva;M3PL;0.96448908;0.81969457;0.246069397;;;
2023;9;CH;3;5;127374;6.0/A6;A;Resposta Objetiva;M3PL;1.242294402;-1.265597043;0.15824305;;;
2023;9;CH;3;6;51245;B2;D;Resposta Objetiva;M3PL;2.428220862;1.18916871;0.274468789;;;
2023;9;CH;3;7;128608;C6;B;Resposta Objetiva;M3PL;1.580313153;2.033294587;0.150583933;;;
2023;9;CH;3;8;127181;3.0/A3;C;Resposta Objetiva;M3PL;1.436528948;-0.601898705;0.133626947;;;
2023;9;CH;3;9;65295;B4;C;Resposta Objetiva;M3PL;2.278654388;1.134910599;0.167240684;;;
2023;9;CH;3;10;129623;B4;C;Resposta Objetiva;M3PL;0.903859885;1.717561011;0.232767164;;;
2023;9;CH;3;11;127289;6.0/B6;A;Resposta Objetiva;M3PL;1.699275645;-0.765668487;0.163660922;;;
2023;9;CH;3;12;50808;A6;C;Resposta Objetiva;M3PL;1.013905263;-0.303531934;0.178363047;;;
2023;9;CH;3;13;129672;C5;D;Resposta Objetiva;M3PL;1.262041781;0.375464796;0.164204571;;;
2023;9;CH;3;14;127906;6.0/C6;B;Resposta Objetiva;M3PL;0.746883486;0.092378074;0.139729426;;;
2023;9;CH;3;15;50795;B5;B;Resposta Objetiva;M3PL;1.514796453;1.490909953;0.187076628;;;
2023;9;CH;4;1;129721;C5;C;Resposta Objetiva;M3PL;0.870170286;-0.060327985;0.137926536;;;
2023;9;CH;4;1;136383;C4;A/B;Resposta Construída;MRG;1.633968412;;;0.591803343;1.462135683;
2023;9;CH;4;2;127091;2.0/B2;D;Resposta Objetiva;M3PL;0.979326516;-1.343359987;0.141474261;;;
2023;9;CH;4;3;51205;B5;D;Resposta Objetiva;M3PL;1.106602348;-0.370068066;0.108015691;;;
2023;9;CH;4;4;128760;B5;B;Resposta Objetiva;M3PL;1.31133904;0.451663235;0.145965743;;;
2023;9;CH;4;5;127152;6.0/B6;D;Resposta Objetiva;M3PL;1.489171766;-0.645666868;0.124082731;;;
2023;9;CH;4;6;65081;B2;C;Resposta Objetiva;M3PL;1.628618119;1.068255251;0.184556432;;;
2023;9;CH;4;7;127890;B5;C;Resposta Objetiva;M3PL;2.708973274;0.625464262;0.290042699;;;
2023;9;CH;4;8;127185;5.0/B5;A;Resposta Objetiva;M3PL;1.599826751;-1.14166247;0.185767344;;;
2023;9;CH;4;9;114784;B4;A;Resposta Objetiva;M3PL;1.345286346;1.95952178;0.189868233;;;
2023;9;CH;4;10;129665;B4;B;Resposta Objetiva;M3PL;1.634336337;1.788726428;0.159834123;;;
2023;9;CH;4;11;127993;4.0/C4;D;Resposta Objetiva;M3PL;1.909236663;-0.489314976;0.121409747;;;
2023;9;CH;4;12;115322;C3;A;Resposta Objetiva;M3PL;1.95239804;0.206895045;0.289165117;;;
2023;9;CH;4;13;128148;B6;B;Resposta Objetiva;M3PL;2.641120357;1.780820164;0.161605456;;;
2023;9;CH;4;14;128179;6.0/B6;C;Resposta Objetiva;M3PL;1.821667621;-0.641082719;0.142689996;;;
2023;9;CH;4;15;66514;B4;A;Resposta Objetiva;M3PL;1.303510599;1.333185003;0.220030185;;;
2023;9;CH;5;1;115924;C5;A/B;Resposta Construída;MRG;1.202528661;;;0.499548876;;
2023;9;CH;5;1;128939;A2;B;Resposta Objetiva;M3PL;1.963309897;-1.1485192;0.194532908;;;
2023;9;CH;5;2;127223;2.0/C2;B;Resposta Objetiva;M3PL;1.107934448;0.219576104;0.14552469;;;
2023;9;CH;5;3;51180;C2;C;Resposta Objetiva;M3PL;1.822001989;-0.647755078;0.155389151;;;
2023;9;CH;5;4;128328;A5;A;Resposta Objetiva;M3PL;1.618215868;0.283354042;0.254024567;;;
2023;9;CH;5;5;127171;2.0/B2;D;Resposta Objetiva;M3PL;1.125242109;-0.679543124;0.142003673;;;
2023;9;CH;5;6;114739;C1;D;Resposta Objetiva;M3PL;1.831190182;-0.152310791;0.188088905;;;
2023;9;CH;5;7;129478;B4;A;Resposta Objetiva;M3PL;2.478124203;1.390068034;0.236592803;;;
2023;9;CH;5;8;127224;4.0/B4;C;Resposta Objetiva;M3PL;1.783723732;-0.38440264;0.187159238;;;
2023;9;CH;5;9;115692;C5;D;Resposta Objetiva;M3PL;1.917566593;2.078474479;0.199830647;;;
2023;9;CH;5;10;128903;C5;D;Resposta Objetiva;M3PL;1.310860086;0.092307371;0.166084351;;;
2023;9;CH;5;11;127195;5.0/B5;C;Resposta Objetiva;M3PL;1.043303217;-0.980879889;0.165027188;;;
2023;9;CH;5;12;64934;B4;A;Resposta Objetiva;M3PL;1.105806023;0.505082823;0.255408087;;;
2023;9;CH;5;13;128814;B4;B;Resposta Objetiva;M3PL;1.568370753;0.263129855;0.237416033;;;
2023;9;CH;5;14;128767;1.0/B1;C;Resposta Objetiva;M3PL;1.503622685;0.589168246;0.24293568;;;
2023;9;CH;5;15;69410;B6;A;Resposta Objetiva;M3PL;1.766757243;0.256554827;0.225800882;;;
2023;9;CH;6;1;127626;B2;B;Resposta Objetiva;M3PL;0.79354752;-1.111110353;0.163162266;;;
2023;9;CH;6;1;136563;3.0/C3;A/B;Resposta Construída;MRG;1.107311525;;;0.172745004;;
2023;9;CH;6;2;127221;6.0/B6;B;Resposta Objetiva;M3PL;1.687986143;0.394244904;0.227854609;;;
2023;9;CH;6;3;51144;C4;C;Resposta Objetiva;M3PL;1.252969659;0.498993502;0.223515838;;;
2023;9;CH;6;4;128784;B4;B;Resposta Objetiva;M3PL;1.742644685;0.573022555;0.404448487;;;
2023;9;CH;6;5;126958;2.0/A2;D;Resposta Objetiva;M3PL;0.610735875;-1.057689553;0.201505893;;;
2023;9;CH;6;6;65407;C6;A;Resposta Objetiva;M3PL;1.03282443;1.824742093;0.199744883;;;
2023;9;CH;6;7;128281;B3;A;Resposta Objetiva;M3PL;1.787481754;-0.293915895;0.219018529;;;
2023;9;CH;6;8;128524;3.0/C3;B;Resposta Objetiva;M3PL;2.16357439;-0.017624079;0.268305891;;;
2023;9;CH;6;9;51331;B5;C;Resposta Objetiva;M3PL;1.256615964;1.130642444;0.181792582;;;
2023;9;CH;6;10;129593;B4;C;Resposta Objetiva;M3PL;1.103780505;2.054937986;0.240041756;;;
2023;9;CH;6;11;127493;4.0/B4;C;Resposta Objetiva;M3PL;1.396141784;-0.707570572;0.177498892;;;
2023;9;CH;6;12;114727;C6;A;Resposta Objetiva;M3PL;0.993299171;1.488086782;0.109286513;;;
2023;9;CH;6;13;128080;B4;D;Resposta Objetiva;M3PL;1.70439679;0.78187646;0.215825442;;;
2023;9;CH;6;14;127544;3.0/B3;D;Resposta Objetiva;M3PL;1.712798908;-1.310730324;0.158343675;;;
2023;9;CH;6;15;115553;C5;A;Resposta Objetiva;M3PL;1.139054009;0.135052963;0.188983163;;;
2023;9;CN;1;1;129304;A3;B;Resposta Objetiva;M3PL;0.973359703;-1.338240803;0.168945365;;;
2023;9;CN;1;1;136743;B1;A/B;Resposta Construída;MRG;1.772307887;;;0.297292241;;
2023;9;CN;1;2;128129;C1;C;Resposta Objetiva;M3PL;1.478967765;0.231201268;0.218474105;;;
2023;9;CN;1;3;51073;A2;D;Resposta Objetiva;M3PL;1.066150312;0.31267542;0.075048668;;;
2023;9;CN;1;4;128808;B2;D;Resposta Objetiva;M3PL;1.267188648;1.755188515;0.110422789;;;
2023;9;CN;1;5;127310;B3;C;Resposta Objetiva;M3PL;1.918662455;0.155793161;0.168728839;;;
2023;9;CN;1;6;50759;A1;D;Resposta Objetiva;M3PL;1.45341195;1.137139435;0.171692556;;;
2023;9;CN;1;7;128271;C2;B;Resposta Objetiva;M3PL;1.238459947;-1.152137945;0.164079034;;;
2023;9;CN;1;8;69441;B1;A;Resposta Objetiva;M3PL;1.800852836;1.736784153;0.195961812;;;
2023;9;CN;1;9;129280;B2;C;Resposta Objetiva;M3PL;1.819610893;0.9566017;0.128889037;;;
2023;9;CN;2;1;112906;B1;A/B;Resposta Construída;MRG;1.43841948;;;-0.010926335;;
2023;9;CN;2;1;129717;C3;A;Resposta Objetiva;M3PL;1.702546136;0.963174484;0.275026252;;;
2023;9;CN;2;2;127614;A1;C;Resposta Objetiva;M3PL;1.496142011;-2.139500572;0.166693155;;;
2023;9;CN;2;3;114506;C3;D;Resposta Objetiva;M3PL;1.052861611;-0.827709987;0.094606545;;;
2023;9;CN;2;4;128563;B2;B;Resposta Objetiva;M3PL;1.594241931;0.238403924;0.17541759;;;
2023;9;CN;2;5;127268;A2;D;Resposta Objetiva;M3PL;0.690641111;-0.652825226;0.121516684;;;
2023;9;CN;2;6;51416;B3;C;Resposta Objetiva;M3PL;0.740888907;-0.146505934;0.116898677;;;
2023;9;CN;2;7;127375;B3;C;Resposta Objetiva;M3PL;1.519487281;-0.011954874;0.232171671;;;
2023;9;CN;2;8;66086;C1;D;Resposta Objetiva;M3PL;0.581707971;0.524180398;0.08038002;;;
2023;9;CN;2;9;128717;C2;B;Resposta Objetiva;M3PL;1.553202403;0.861682142;0.210992246;;;
2023;9;CN;3;1;129571;B3;C;Resposta Objetiva;M3PL;2.229213903;1.79588962;0.15684143;;;
2023;9;CN;3;1;136660;B2;A/B;Resposta Construída;MRG;1.34560498;;;1.15615788;;
2023;9;CN;3;2;127311;A1;A;Resposta Objetiva;M3PL;1.395553562;-1.152450447;0.152047431;;;
2023;9;CN;3;3;51024;B1;C;Resposta Objetiva;M3PL;1.4137481;0.087774718;0.179730405;;;
2023;9;CN;3;4;128848;B1;D;Resposta Objetiva;M3PL;1.887652873;1.63743542;0.182591162;;;
2023;9;CN;3;5;127956;B2;A;Resposta Objetiva;M3PL;1.720791775;-0.6986024;0.180202676;;;
2023;9;CN;3;6;51132;C1;B;Resposta Objetiva;M3PL;1.997453076;1.743138981;0.226150396;;;
2023;9;CN;3;7;127833;A3;B;Resposta Objetiva;M3PL;1.252813944;-1.804936179;0.15703209;;;
2023;9;CN;3;8;50954;B2;D;Resposta Objetiva;M3PL;1.058516887;-0.242224335;0.068693072;;;
2023;9;CN;3;9;128560;B2;C;Resposta Objetiva;M3PL;0.986743407;0.069893374;0.168490394;;;
2023;9;CN;4;1;129737;C3;D;Resposta Objetiva;M3PL;2.445639123;-0.128128174;0.204317187;;;
2023;9;CN;4;2;127767;B2;A;Resposta Objetiva;M3PL;1.059862776;-1.648493355;0.162568507;;;
2023;9;CN;4;3;65976;B1;C;Resposta Objetiva;M3PL;1.683821251;1.362930789;0.202191321;;;
2023;9;CN;4;4;128579;C1;D;Resposta Objetiva;M3PL;1.32636388;0.987007103;0.158788845;;;
2023;9;CN;4;5;127370;A1;A;Resposta Objetiva;M3PL;1.280508719;-0.316394595;0.167283698;;;
2023;9;CN;4;6;50838;A3;C;Resposta Objetiva;M3PL;1.588465899;1.636959786;0.176728322;;;
2023;9;CN;4;7;127774;C1;B;Resposta Objetiva;M3PL;1.464870298;-1.528635019;0.153932553;;;
2023;9;CN;4;8;51347;B3;C;Resposta Objetiva;M3PL;0.976687473;0.791932081;0.269665893;;;
2023;9;CN;4;9;128565;A2;B;Resposta Objetiva;M3PL;1.222357044;0.744785349;0.104020392;;;
2023;9;CN;5;1;129506;A3;B;Resposta Objetiva;M3PL;1.886525683;1.451498826;0.139298806;;;
2023;9;CN;5;2;127602;B3;C;Resposta Objetiva;M3PL;1.630476993;-0.553478894;0.147717513;;;
2023;9;CN;5;3;50734;A1;A;Resposta Objetiva;M3PL;1.661916424;1.311796219;0.302227584;;;
2023;9;CN;5;4;128755;C1;C;Resposta Objetiva;M3PL;0.936700153;-0.640343167;0.131363653;;;
2023;9;CN;5;5;127815;A3;C;Resposta Objetiva;M3PL;0.779199201;1.233679928;0.135093763;;;
2023;9;CN;5;6;50878;C2;D;Resposta Objetiva;M3PL;1.605835506;-0.387786775;0.197583734;;;
2023;9;CN;5;7;127667;B2;D;Resposta Objetiva;M3PL;1.754465304;-0.775282157;0.182521911;;;
2023;9;CN;5;8;113968;B3;D;Resposta Objetiva;M3PL;2.487530373;0.692347427;0.189434173;;;
2023;9;CN;5;9;129524;B3;B;Resposta Objetiva;M3PL;1.821092144;0.516078306;0.273731082;;;
2023;9;CN;6;1;129869;B3;C;Resposta Objetiva;M3PL;0.795920686;0.022190231;0.166249601;;;
2023;9;CN;6;2;128111;C2;D;Resposta Objetiva;M3PL;1.741068253;-1.232597889;0.135808105;;;
2023;9;CN;6;3;65182;B2;A;Resposta Objetiva;M3PL;2.437512442;1.261524987;0.14933974;;;
2023;9;CN;6;4;128959;B1;D;Resposta Objetiva;M3PL;0.581768858;0.024899612;0.131161084;;;
2023;9;CN;6;5;127899;B1;B;Resposta Objetiva;M3PL;1.187399204;-0.786560949;0.238983074;;;
2023;9;CN;6;6;65573;B3;B;Resposta Objetiva;M3PL;1.034632263;1.904624439;0.164937318;;;
2023;9;CN;6;7;127321;B1;D;Resposta Objetiva;M3PL;0.723142572;-2.354533038;0.163856088;;;
2023;9;CN;6;8;50855;B2;A;Resposta Objetiva;M3PL;2.265206079;1.14775207;0.266028567;;;
2023;9;CN;6;9;129560;A2;C;Resposta Objetiva;M3PL;1.077146029;0.182310245;0.171139702;;;
2023;9;CN;7;1;129279;A2;A;Resposta Objetiva;M3PL;1.94609857;0.416057961;0.434697078;;;
2023;9;CN;7;2;127487;B1;C;Resposta Objetiva;M3PL;1.151287094;-0.401765425;0.132891489;;;
2023;9;CN;7;3;115367;A3;B;Resposta Objetiva;M3PL;1.142346694;1.246234404;0.184243242;;;
2023;9;CN;7;4;128570;B1;A;Resposta Objetiva;M3PL;0.746518346;-0.312843891;0.17673486;;;
2023;9;CN;7;5;127228;B2;C;Resposta Objetiva;M3PL;0.764854277;0.479598301;0.181974775;;;
2023;9;CN;7;6;113431;C2;B;Resposta Objetiva;M3PL;1.588245726;1.169564852;0.099299851;;;
2023;9;CN;7;7;127657;A2;D;Resposta Objetiva;M3PL;1.647128662;-1.15766427;0.142508386;;;
2023;9;CN;7;8;50770;A2;D;Resposta Objetiva;M3PL;1.472419164;0.733839522;0.226746016;;;
2023;9;CN;7;9;129462;B3;D;Resposta Objetiva;M3PL;1.752078225;1.157326951;0.120639216;;;
2023;9;LP;1;1;34528;D20;B;Resposta Objetiva;M3P;0.83208;1.43985;0.33807;;;
2023;9;LP;1;2;109621;D1;A;Resposta Objetiva;M3P;1.08577;-0.2092;0.22216;;;
2023;9;LP;1;3;109245;D3;B;Resposta Objetiva;M3P;1.47394;0.40653;0.26706;;;
2023;9;LP;1;4;109630;D15;A;Resposta Objetiva;M3P;0.81768;-0.6727;0.1539;;;
2023;9;LP;1;5;67476;D18;C;Resposta Objetiva;M3P;0.82309;-1.15953;0.14021;;;
2023;9;LP;1;6;109426;D21;A;Resposta Objetiva;M3P;0.74935;0.05329;0.23555;;;
2023;9;LP;1;7;45913;D10;B;Resposta Objetiva;M3P;0.8593;-1.47483;0.19048;;;
2023;9;LP;1;8;96171;D11;B;Resposta Objetiva;M3P;1.28866;-0.18783;0.18875;;;
2023;9;LP;1;9;95149;D12;D;Resposta Objetiva;M3P;1.07132;-0.53944;0.19047;;;
2023;9;LP;1;10;65594;D2;D;Resposta Objetiva;M3P;0.70762;0.24866;0.17526;;;
2023;9;LP;1;11;109579;D12;A;Resposta Objetiva;M3P;1.13296;-0.16874;0.21194;;;
2023;9;LP;1;12;110067;D10;C;Resposta Objetiva;M3P;0.74922;0.47253;0.21471;;;
2023;9;LP;1;13;65760;D5;B;Resposta Objetiva;M3P;1.14955;-1.00369;0.18157;;;
2023;9;LP;2;1;109804;D1;B;Resposta Objetiva;M3P;1.17935;-0.39494;0.23587;;;
2023;9;LP;2;2;109618;D9;C;Resposta Objetiva;M3P;0.81541;-0.68781;0.14394;;;
2023;9;LP;2;3;70075N;D18;D;Resposta Objetiva;M3P;1.01906;-0.50997;0.1933;;;
2023;9;LP;2;4;109220;D14;C;Resposta Objetiva;M3P;1.06801;0.44109;0.22481;;;
2023;9;LP;2;5;65051;D21;D;Resposta Objetiva;M3P;1.21066;0.14495;0.13775;;;
2023;9;LP;2;6;109535;D19;C;Resposta Objetiva;M3P;1.29893;0.27381;0.15606;;;
2023;9;LP;2;7;95912;D13;C;Resposta Objetiva;M3P;1.37238;-0.88378;0.22798;;;
2023;9;LP;2;8;95390;D12;A;Resposta Objetiva;M3P;0.65462;-0.47812;0.16216;;;
2023;9;LP;2;9;19827;D9;C;Resposta Objetiva;M3P;1.18087;-0.85701;0.16206;;;
2023;9;LP;2;10;34412;D7;B;Resposta Objetiva;M3P;0.52349;0.76495;0.23089;;;
2023;9;LP;2;11;110112;D2;D;Resposta Objetiva;M3P;1.48981;-0.10497;0.14964;;;
2023;9;LP;2;12;109591N;D13;C;Resposta Objetiva;M3P;0.61912;1.82567;0.2507;;;
2023;9;LP;2;13;109808;D11;C;Resposta Objetiva;M3P;1.08934;-0.72389;0.20906;;;
2023;9;LP;3;1;110070;D1;D;Resposta Objetiva;M3P;0.84821;0.38706;0.1139;;;
2023;9;LP;3;2;140515;H12;D;Resposta Objetiva;M3P;0.76978;0.75999;0.1559;;;
2023;9;LP;3;3;111333;D15;D;Resposta Objetiva;M3P;0.90108;0.28629;0.10015;;;
2023;9;LP;3;4;110274N;D10;B;Resposta Objetiva;M3P;0.5851;-0.38803;0.04811;;;
2023;9;LP;3;5;111277;D17;A;Resposta Objetiva;M3P;0.66896;-0.77842;0.15887;;;
2023;9;LP;3;6;109887;D12;C;Resposta Objetiva;M3P;1.27486;-0.05797;0.2934;;;
2023;9;LP;3;7;95300N;D15;C;Resposta Objetiva;M3P;1.44195;-0.16055;0.28223;;;
2023;9;LP;3;8;95403;D11;B;Resposta Objetiva;M3P;1.68237;-0.25396;0.27367;;;
2023;9;LP;3;9;96082;D13;D;Resposta Objetiva;M3P;1.2645;-0.73128;0.14503;;;
2023;9;LP;3;10;110458;D4;C;Resposta Objetiva;M3P;0.71119;0.04328;0.12165;;;
2023;9;LP;3;11;34150;D14;B;Resposta Objetiva;M3P;0.60578;2.35137;0.23564;;;
2023;9;LP;3;12;34732;D3;A;Resposta Objetiva;M3P;;;;;;
2023;9;LP;3;13;109237N;D19;C;Resposta Objetiva;M3P;0.81802;-1.17632;0.00425;;;
2023;9;LP;4;1;19980;D8;D;Resposta Objetiva;M3P;0.76344;0.11315;0.09039;;;
2023;9;LP;4;2;110507;D5;B;Resposta Objetiva;M3P;0.51307;-2.75777;0.19527;;;
2023;9;LP;4;3;109520N;D14;B;Resposta Objetiva;M3P;0.77451;0.64931;0.12584;;;
2023;9;LP;4;4;69914;D16;C;Resposta Objetiva;M3P;2.17628;-0.61919;0.30292;;;
2023;9;LP;4;5;110907NN;D13;A;Resposta Objetiva;M3P;1.59513;-0.433;0.22919;;;
2023;9;LP;4;6;110706;D9;B;Resposta Objetiva;M3P;0.85943;0.00842;0.17158;;;
2023;9;LP;4;7;94971;D14;A;Resposta Objetiva;M3P;0.69084;-1.53618;0.20017;;;
2023;9;LP;4;8;96151N;D6;B;Resposta Objetiva;M3P;0.84971;-0.50121;0.27609;;;
2023;9;LP;4;9;95501N;D12;A;Resposta Objetiva;M3P;1.39086;0.09124;0.25899;;;
2023;9;LP;4;10;109786;D12;B;Resposta Objetiva;M3P;1.09759;-0.57736;0.19842;;;
2023;9;LP;4;11;34726;D6;C;Resposta Objetiva;M3P;0.9287;0.9258;0.19773;;;
2023;9;LP;4;12;111017;D19;D;Resposta Objetiva;M3P;1.07293;0.4482;0.17283;;;
2023;9;LP;4;13;70115;D3;C;Resposta Objetiva;M3P;0.85582;-0.26367;0.14293;;;
2023;9;LP;5;1;109926;D4;A;Resposta Objetiva;M3P;0.5465;-0.40311;0.15262;;;
2023;9;LP;5;2;109619;D9;D;Resposta Objetiva;M3P;0.56077;2.0464;0.17165;;;
2023;9;LP;5;3;109252;D10;C;Resposta Objetiva;M3P;0.56573;-0.02006;0.15851;;;
2023;9;LP;5;4;111302N;D11;B;Resposta Objetiva;M3P;1.54946;0.0553;0.24897;;;
2023;9;LP;5;5;109214N;D4;C;Resposta Objetiva;M3P;0.63358;-1.40699;0.01538;;;
2023;9;LP;5;6;109806;D8;C;Resposta Objetiva;M3P;1.22345;-0.04351;0.18883;;;
2023;9;LP;5;7;68305;D3;D;Resposta Objetiva;M3P;1.00364;-0.62241;0.13648;;;
2023;9;LP;5;8;96134;D5;D;Resposta Objetiva;M3P;0.69607;-0.82076;0.18776;;;
2023;9;LP;5;9;95386N;D9;A;Resposta Objetiva;M3P;1.19129;-0.33073;0.29329;;;
2023;9;LP;5;10;109297;D16;D;Resposta Objetiva;M3P;1.42378;-0.17645;0.14043;;;
2023;9;LP;5;11;111112;D13;B;Resposta Objetiva;M3P;1.0489;0.46306;0.1634;;;
2023;9;LP;5;12;70170;D15;C;Resposta Objetiva;M3P;0.78307;0.40731;0.23642;;;
2023;9;LP;5;13;110584;D17;A;Resposta Objetiva;M3P;1.07879;-0.14603;0.16275;;;
2023;9;LP;6;1;109647;D9;D;Resposta Objetiva;M3P;0.83326;-0.18047;0.15101;;;
2023;9;LP;6;2;109919;D11;C;Resposta Objetiva;M3P;1.35098;-1.06884;0.1702;;;
2023;9;LP;6;3;109645;D10;D;Resposta Objetiva;M3P;1.17351;0.41777;0.12559;;;
2023;9;LP;6;4;110522;D3;C;Resposta Objetiva;M3P;0.82032;0.154;0.22259;;;
2023;9;LP;6;5;109354;D2;D;Resposta Objetiva;M3P;1.1417;0.38067;0.18981;;;
2023;9;LP;6;6;109459;D6;B;Resposta Objetiva;M3P;0.88312;-0.30767;0.15302;;;
2023;9;LP;6;7;96157;D5;D;Resposta Objetiva;M3P;1.02683;-1.38227;0.13597;;;
2023;9;LP;6;8;95150N;D7;D;Resposta Objetiva;M3P;0.60964;-0.11696;0.05541;;;
2023;9;LP;6;9;96102N;D8;A;Resposta Objetiva;M3P;1.07959;-1.04577;0.16169;;;
2023;9;LP;6;10;109141;D15;C;Resposta Objetiva;M3P;1.2464;0.93808;0.18301;;;
2023;9;LP;6;11;33976N;D9;D;Resposta Objetiva;M3P;0.05006;31.84667;0.2;;;
2023;9;LP;6;12;109172;D15;D;Resposta Objetiva;M3P;1.30326;0.19226;0.16997;;;
2023;9;LP;6;13;111143;D16;C;Resposta Objetiva;M3P;1.51574;0.001;0.18455;;;
2023;9;LP;7;1;109422;D11;C;Resposta Objetiva;M3P;0.57568;-0.32586;0.16548;;;
2023;9;LP;7;2;109631;D18;B;Resposta Objetiva;M3P;0.45511;-1.84228;0.19878;;;
2023;9;LP;7;3;110914N;D19;D;Resposta Objetiva;M3P;0.81772;0.49485;0.12266;;;
2023;9;LP;7;4;110752N;D7;D;Resposta Objetiva;M3P;0.55894;-0.01004;0.0099;;;
2023;9;LP;7;5;109937;D14;B;Resposta Objetiva;M3P;1.18462;0.77643;0.23481;;;
2023;9;LP;7;6;109189;D1;C;Resposta Objetiva;M3P;0.84886;0.41868;0.12871;;;
2023;9;LP;7;7;96100N;D1;D;Resposta Objetiva;M3P;1.30082;-1.03781;0.15635;;;
2023;9;LP;7;8;95104N;D6;A;Resposta Objetiva;M3P;0.51347;-0.9817;0.01554;;;
2023;9;LP;7;9;95112N;D2;B;Resposta Objetiva;M3P;0.7236;0.18808;0.17807;;;
2023;9;LP;7;10;109599;D4;A;Resposta Objetiva;M3P;1.10563;-0.07105;0.24171;;;
2023;9;LP;7;11;140151;H11;C;Resposta Objetiva;M3P;0.82995;0.7976;0.20087;;;
2023;9;LP;7;12;65731;D16;A;Resposta Objetiva;M3P;1.07112;0.17551;0.15641;;;
2023;9;LP;7;13;140348;H24;D;Resposta Objetiva;M3P;0.65982;0.24603;0.11322;;;
2023;9;MT;1;1;111374;D8;C;Resposta Objetiva;M3P;1.53973;1.87921;0.15595;;;
2023;9;MT;1;2;22459;D16;B;Resposta Objetiva;M3P;1.31437;-0.47443;0.16651;;;
2023;9;MT;1;3;70460;D19;B;Resposta Objetiva;M3P;1.31685;0.28044;0.16181;;;
2023;9;MT;1;4;109581;D3;D;Resposta Objetiva;M3P;1.37498;0.42862;0.15785;;;
2023;9;MT;1;5;110516N;D5;C;Resposta Objetiva;M3P;0.82843;0.83329;0.34822;;;
2023;9;MT;1;6;110417;D28;A;Resposta Objetiva;M3P;0.94835;0.09289;0.25938;;;
2023;9;MT;1;7;94982;D1;D;Resposta Objetiva;M3P;0.86944;-2.2164;0.19506;;;
2023;9;MT;1;8;95269;D28;A;Resposta Objetiva;M3P;1.08424;-2.08607;0.13391;;;
2023;9;MT;1;9;94895;D17;B;Resposta Objetiva;M3P;1.17708;-1.87186;0.14464;;;
2023;9;MT;1;10;110457;D35;C;Resposta Objetiva;M3P;1.80156;1.88966;0.22852;;;
2023;9;MT;1;11;110090;D36;D;Resposta Objetiva;M3P;1.40884;0.73854;0.18681;;;
2023;9;MT;1;12;140344;9A1.3;A;Resposta Objetiva;M3P;0.47094;1.61055;0.14167;;;
2023;9;MT;1;13;139161;9N1.7;A;Resposta Objetiva;M3P;0.80896;-1.09931;0.15303;;;
2023;9;MT;2;1;34936;D9;C;Resposta Objetiva;M3P;1.25626;0.56398;0.32683;;;
2023;9;MT;2;2;110079;D36;A;Resposta Objetiva;M3P;0.899;0.32243;0.13162;;;
2023;9;MT;2;3;110596;D34;B;Resposta Objetiva;M3P;1.76199;0.80322;0.23851;;;
2023;9;MT;2;4;110254;D29;A;Resposta Objetiva;M3P;1.46279;0.03251;0.17249;;;
2023;9;MT;2;5;66364;D16;C;Resposta Objetiva;M3P;1.22069;-0.26892;0.1598;;;
2023;9;MT;2;6;103238;D10;B;Resposta Objetiva;M3P;0.88721;0.94409;0.15464;;;
2023;9;MT;2;7;94904;D2;A;Resposta Objetiva;M3P;0.70847;-1.85384;0.18949;;;
2023;9;MT;2;8;95052;D20;D;Resposta Objetiva;M3P;1.45262;0.18585;0.14283;;;
2023;9;MT;2;9;95560;D28;A;Resposta Objetiva;M3P;0.5917;-1.64097;0.17241;;;
2023;9;MT;2;10;28581N;D15;D;Resposta Objetiva;M3P;1.69505;1.24272;0.07822;;;
2023;9;MT;2;11;109491N;D2;D;Resposta Objetiva;M3P;0.56871;-1.25081;0.26716;;;
2023;9;MT;2;12;70493;D22;A;Resposta Objetiva;M3P;2.07476;1.29569;0.12847;;;
2023;9;MT;2;13;139228;9A2.2;C;Resposta Objetiva;M3P;1.89163;0.68129;0.26771;;;
2023;9;MT;3;1;110996;D1;A;Resposta Objetiva;M3P;0.55934;0.59847;0.19521;;;
2023;9;MT;3;2;28647N;D14;D;Resposta Objetiva;M3P;2.16739;1.03592;0.07478;;;
2023;9;MT;3;3;22358;D16;C;Resposta Objetiva;M3P;2.28297;-0.41723;0.22754;;;
2023;9;MT;3;4;111022;D37;B;Resposta Objetiva;M3P;1.03421;-1.2212;0.1473;;;
2023;9;MT;3;5;110953;D34;D;Resposta Objetiva;M3P;0.86777;0.77544;0.22339;;;
2023;9;MT;3;6;109873;D2;D;Resposta Objetiva;M3P;0.91517;-0.37788;0.16982;;;
2023;9;MT;3;7;95203N;D4;B;Resposta Objetiva;M3P;0.85197;0.90594;0.21491;;;
2023;9;MT;3;8;95274N;D27;C;Resposta Objetiva;M3P;0.84095;-1.99171;0.00139;;;
2023;9;MT;3;9;95369NN;D13;C;Resposta Objetiva;M3P;1.51253;-0.47852;0.22415;;;
2023;9;MT;3;10;28734;D23;A;Resposta Objetiva;M3P;1.60188;0.10312;0.1133;;;
2023;9;MT;3;11;110212;D26;B;Resposta Objetiva;M3P;1.73932;1.34901;0.17701;;;
2023;9;MT;3;12;140243;9N1.1;D;Resposta Objetiva;M3P;1.16578;1.11324;0.16256;;;
2023;9;MT;3;13;139639;9A2.2;B;Resposta Objetiva;M3P;1.25351;0.74483;0.33891;;;
2023;9;MT;4;1;111298;D31;D;Resposta Objetiva;M3P;2.64437;1.43547;0.30974;;;
2023;9;MT;4;2;110431;D36;C;Resposta Objetiva;M3P;0.80974;0.20507;0.11927;;;
2023;9;MT;4;3;65805;D13;B;Resposta Objetiva;M3P;1.2527;1.19819;0.21525;;;
2023;9;MT;4;4;112292;D24;A;Resposta Objetiva;M3P;1.10939;0.04038;0.34448;;;
2023;9;MT;4;5;47085;D21;A;Resposta Objetiva;M3P;1.10331;0.74544;0.28001;;;
2023;9;MT;4;6;111299;D33;D;Resposta Objetiva;M3P;0.90344;-1.10956;0.16165;;;
2023;9;MT;4;7;95077N;D7;C;Resposta Objetiva;M3P;1.44166;0.19233;0.24014;;;
2023;9;MT;4;8;95720;D26;C;Resposta Objetiva;M3P;2.13995;0.29808;0.16009;;;
2023;9;MT;4;9;95788;D14;B;Resposta Objetiva;M3P;1.36371;-1.93454;0.14012;;;
2023;9;MT;4;10;109718;D6;D;Resposta Objetiva;M3P;1.58165;0.58375;0.11977;;;
2023;9;MT;4;11;110532;D6;A;Resposta Objetiva;M3P;1.04868;0.32378;0.16449;;;
2023;9;MT;4;12;140104;9A2.1;D;Resposta Objetiva;M3P;1.67945;0.84022;0.22441;;;
2023;9;MT;4;13;139860;9N1.6;B;Resposta Objetiva;M3P;2.22126;1.82374;0.2312;;;
2023;9;MT;5;1;111372;D33;A;Resposta Objetiva;M3P;0.85036;0.55487;0.14738;;;
2023;9;MT;5;2;68078;D27;A;Resposta Objetiva;M3P;1.94923;1.67214;0.25213;;;
2023;9;MT;5;3;22405;D17;B;Resposta Objetiva;M3P;2.17376;0.58131;0.17079;;;
2023;9;MT;5;4;109256;D4;B;Resposta Objetiva;M3P;1.46592;1.00164;0.28932;;;
2023;9;MT;5;5;47013;D24;D;Resposta Objetiva;M3P;0.84074;2.02033;0.18903;;;
2023;9;MT;5;6;109513;D12;A;Resposta Objetiva;M3P;2.48517;0.84713;0.30516;;;
2023;9;MT;5;7;95101N;D9;B;Resposta Objetiva;M3P;1.26666;0.23035;0.24837;;;
2023;9;MT;5;8;94966NN;D16;D;Resposta Objetiva;M3P;1.56489;0.16951;0.16941;;;
2023;9;MT;5;9;95655;D25;D;Resposta Objetiva;M3P;1.38259;-0.34666;0.25124;;;
2023;9;MT;5;10;109575;D37;C;Resposta Objetiva;M3P;1.12794;0.74271;0.13599;;;
2023;9;MT;5;11;109492;D3;A;Resposta Objetiva;M3P;1.39007;1.13924;0.38841;;;
2023;9;MT;5;12;139864;9A2.1;C;Resposta Objetiva;M3P;0.63811;1.2887;0.25085;;;
2023;9;MT;5;13;140349;9A1.3;A;Resposta Objetiva;M3P;0.69842;1.02517;0.22992;;;
2023;9;MT;6;1;111057;D37;D;Resposta Objetiva;M3P;0.74548;-0.4612;0.13037;;;
2023;9;MT;6;2;67864;D27;A;Resposta Objetiva;M3P;;;;;;
2023;9;MT;6;3;70468;D19;B;Resposta Objetiva;M3P;1.00226;0.67904;0.17722;;;
2023;9;MT;6;4;112432;D18;B;Resposta Objetiva;M3P;1.23094;1.06042;0.25517;;;
2023;9;MT;6;5;46114;D22;A;Resposta Objetiva;M3P;1.06721;-0.25214;0.16993;;;
2023;9;MT;6;6;110496;D28;A;Resposta Objetiva;M3P;1.43145;0.99128;0.22806;;;
2023;9;MT;6;7;95786N;D12;C;Resposta Objetiva;M3P;1.59103;0.49358;0.18879;;;
2023;9;MT;6;8;95448;D21;D;Resposta Objetiva;M3P;1.81552;-0.13182;0.13231;;;
2023;9;MT;6;9;95562;D23;C;Resposta Objetiva;M3P;1.37464;-0.0666;0.15033;;;
2023;9;MT;6;10;111068;D1;C;Resposta Objetiva;M3P;1.03618;0.89772;0.29032;;;
2023;9;MT;6;11;109889;D12;B;Resposta Objetiva;M3P;1.24825;1.55093;0.22431;;;
2023;9;MT;6;12;140053;9E2.1;C;Resposta Objetiva;M3P;1.00749;-0.61978;0.16574;;;
2023;9;MT;6;13;140046;9A2.3;C;Resposta Objetiva;M3P;0.82773;-0.13471;0.10915;;;
2023;9;MT;7;1;34894;D2;C;Resposta Objetiva;M3P;0.85418;0.37868;0.22713;;;
2023;9;MT;7;2;29111;D37;D;Resposta Objetiva;M3P;1.11044;-1.28959;0.16129;;;
2023;9;MT;7;3;65310;D18;B;Resposta Objetiva;M3P;1.796;1.10124;0.26499;;;
2023;9;MT;7;4;109916;D7;C;Resposta Objetiva;M3P;1.78963;0.90439;0.20372;;;
2023;9;MT;7;5;110193;D12;B;Resposta Objetiva;M3P;1.82408;0.46123;0.26666;;;
2023;9;MT;7;6;109731;D29;D;Resposta Objetiva;M3P;0.90623;0.64342;0.236;;;
2023;9;MT;7;7;95756;D11;B;Resposta Objetiva;M3P;1.41715;0.61194;0.19888;;;
2023;9;MT;7;8;95026;D19;D;Resposta Objetiva;M3P;1.3539;-0.94712;0.11519;;;
2023;9;MT;7;9;95613;D22;B;Resposta Objetiva;M3P;1.33381;-0.47161;0.20164;;;
2023;9;MT;7;10;111053;D34;A;Resposta Objetiva;M3P;1.64963;-0.1745;0.16442;;;
2023;9;MT;7;11;70366;D9;B;Resposta Objetiva;M3P;1.06062;0.57426;0.20821;;;
2023;9;MT;7;12;139580;9N1.7;A;Resposta Objetiva;M3P;0.70699;1.74;0.24771;;;
2023;9;MT;7;13;139868;9N1.5;C;Resposta Objetiva;M3P;2.08166;0.68784;0.14578;;;
